,ticker,adjclose
2014-12-12,AJBU.SI,0.6516627669334412
2014-12-15,AJBU.SI,0.6516627669334412
2014-12-16,AJBU.SI,0.6449099779129028
2014-12-17,AJBU.SI,0.6516627669334412
2014-12-18,AJBU.SI,0.6516627669334412
2014-12-19,AJBU.SI,0.648286759853363
2014-12-22,AJBU.SI,0.648286759853363
2014-12-23,AJBU.SI,0.648286759853363
2014-12-24,AJBU.SI,0.6516627669334412
2014-12-26,AJBU.SI,0.6516627669334412
2014-12-29,AJBU.SI,0.648286759853363
2014-12-30,AJBU.SI,0.6550394296646118
2014-12-31,AJBU.SI,0.6584161520004272
2015-01-02,AJBU.SI,0.6584161520004272
2015-01-05,AJBU.SI,0.6550394296646118
2015-01-06,AJBU.SI,0.6550394296646118
2015-01-07,AJBU.SI,0.6550394296646118
2015-01-08,AJBU.SI,0.6550394296646118
2015-01-09,AJBU.SI,0.648286759853363
2015-01-12,AJBU.SI,0.648286759853363
2015-01-13,AJBU.SI,0.6550394296646118
2015-01-14,AJBU.SI,0.6550394296646118
2015-01-15,AJBU.SI,0.6516627669334412
2015-01-16,AJBU.SI,0.6584161520004272
2015-01-19,AJBU.SI,0.6584161520004272
2015-01-20,AJBU.SI,0.6685455441474915
2015-01-21,AJBU.SI,0.6752984523773193
2015-01-22,AJBU.SI,0.6854278445243835
2015-01-23,AJBU.SI,0.6854278445243835
2015-01-26,AJBU.SI,0.6955572366714478
2015-01-27,AJBU.SI,0.6989341378211975
2015-01-28,AJBU.SI,0.6955572366714478
2015-01-29,AJBU.SI,0.6854278445243835
2015-01-30,AJBU.SI,0.6955572366714478
2015-02-02,AJBU.SI,0.6921804547309875
2015-02-03,AJBU.SI,0.688804566860199
2015-02-04,AJBU.SI,0.6752984523773193
2015-02-05,AJBU.SI,0.6921804547309875
2015-02-06,AJBU.SI,0.6921804547309875
2015-02-09,AJBU.SI,0.6989341378211975
2015-02-10,AJBU.SI,0.6989341378211975
2015-02-11,AJBU.SI,0.7023099660873413
2015-02-12,AJBU.SI,0.7023099660873413
2015-02-13,AJBU.SI,0.7090635299682617
2015-02-16,AJBU.SI,0.7090635299682617
2015-02-17,AJBU.SI,0.7023099660873413
2015-02-18,AJBU.SI,0.6955572366714478
2015-02-23,AJBU.SI,0.688804566860199
2015-02-24,AJBU.SI,0.6989341378211975
2015-02-25,AJBU.SI,0.6989341378211975
2015-02-26,AJBU.SI,0.7023099660873413
2015-02-27,AJBU.SI,0.7023099660873413
2015-03-02,AJBU.SI,0.7090635299682617
2015-03-03,AJBU.SI,0.6955572366714478
2015-03-04,AJBU.SI,0.6955572366714478
2015-03-05,AJBU.SI,0.6955572366714478
2015-03-06,AJBU.SI,0.6989341378211975
2015-03-09,AJBU.SI,0.6921804547309875
2015-03-10,AJBU.SI,0.6955572366714478
2015-03-11,AJBU.SI,0.6955572366714478
2015-03-12,AJBU.SI,0.6989341378211975
2015-03-13,AJBU.SI,0.6989341378211975
2015-03-16,AJBU.SI,0.6921804547309875
2015-03-17,AJBU.SI,0.688804566860199
2015-03-18,AJBU.SI,0.6854278445243835
2015-03-19,AJBU.SI,0.6854278445243835
2015-03-20,AJBU.SI,0.7023099660873413
2015-03-23,AJBU.SI,0.688804566860199
2015-03-24,AJBU.SI,0.67867511510849
2015-03-25,AJBU.SI,0.6752984523773193
2015-03-26,AJBU.SI,0.6854278445243835
2015-03-27,AJBU.SI,0.6989341378211975
2015-03-30,AJBU.SI,0.6921804547309875
2015-03-31,AJBU.SI,0.6955572366714478
2015-04-01,AJBU.SI,0.6955572366714478
2015-04-02,AJBU.SI,0.6955572366714478
2015-04-06,AJBU.SI,0.6955572366714478
2015-04-07,AJBU.SI,0.6955572366714478
2015-04-08,AJBU.SI,0.688804566860199
2015-04-09,AJBU.SI,0.6854278445243835
2015-04-10,AJBU.SI,0.6955572366714478
2015-04-13,AJBU.SI,0.6955572366714478
2015-04-14,AJBU.SI,0.6921804547309875
2015-04-15,AJBU.SI,0.6989341378211975
2015-04-16,AJBU.SI,0.6989341378211975
2015-04-17,AJBU.SI,0.7023099660873413
2015-04-20,AJBU.SI,0.7023099660873413
2015-04-21,AJBU.SI,0.7023099660873413
2015-04-22,AJBU.SI,0.7023099660873413
2015-04-23,AJBU.SI,0.7023099660873413
2015-04-24,AJBU.SI,0.7023099660873413
2015-04-27,AJBU.SI,0.7023099660873413
2015-04-28,AJBU.SI,0.7023099660873413
2015-04-29,AJBU.SI,0.7056867480278015
2015-04-30,AJBU.SI,0.6955572366714478
2015-05-04,AJBU.SI,0.7056867480278015
2015-05-05,AJBU.SI,0.7056867480278015
2015-05-06,AJBU.SI,0.7056867480278015
2015-05-07,AJBU.SI,0.7090635299682617
2015-05-08,AJBU.SI,0.7023099660873413
2015-05-11,AJBU.SI,0.7090635299682617
2015-05-12,AJBU.SI,0.7056867480278015
2015-05-13,AJBU.SI,0.7124394178390503
2015-05-14,AJBU.SI,0.715816080570221
2015-05-15,AJBU.SI,0.7090635299682617
2015-05-18,AJBU.SI,0.715816080570221
2015-05-19,AJBU.SI,0.715816080570221
2015-05-20,AJBU.SI,0.715816080570221
2015-05-21,AJBU.SI,0.7090635299682617
2015-05-22,AJBU.SI,0.7090635299682617
2015-05-25,AJBU.SI,0.7191928625106812
2015-05-26,AJBU.SI,0.7225689888000488
2015-05-27,AJBU.SI,0.7225689888000488
2015-05-28,AJBU.SI,0.7225689888000488
2015-05-29,AJBU.SI,0.7090635299682617
2015-06-02,AJBU.SI,0.7124394178390503
2015-06-03,AJBU.SI,0.7259457111358643
2015-06-04,AJBU.SI,0.7191928625106812
2015-06-05,AJBU.SI,0.7259457111358643
2015-06-08,AJBU.SI,0.7259457111358643
2015-06-09,AJBU.SI,0.7090635299682617
2015-06-10,AJBU.SI,0.7090635299682617
2015-06-11,AJBU.SI,0.7090635299682617
2015-06-12,AJBU.SI,0.7124394178390503
2015-06-15,AJBU.SI,0.7124394178390503
2015-06-16,AJBU.SI,0.7090635299682617
2015-06-17,AJBU.SI,0.7090635299682617
2015-06-18,AJBU.SI,0.7090635299682617
2015-06-19,AJBU.SI,0.7056867480278015
2015-06-22,AJBU.SI,0.7056867480278015
2015-06-23,AJBU.SI,0.7056867480278015
2015-06-24,AJBU.SI,0.7090635299682617
2015-06-25,AJBU.SI,0.7056867480278015
2015-06-26,AJBU.SI,0.7023099660873413
2015-06-29,AJBU.SI,0.7090635299682617
2015-06-30,AJBU.SI,0.7090635299682617
2015-07-01,AJBU.SI,0.715816080570221
2015-07-02,AJBU.SI,0.715816080570221
2015-07-03,AJBU.SI,0.7191928625106812
2015-07-06,AJBU.SI,0.7090635299682617
2015-07-07,AJBU.SI,0.7090635299682617
2015-07-08,AJBU.SI,0.7090635299682617
2015-07-09,AJBU.SI,0.7124394178390503
2015-07-10,AJBU.SI,0.7056867480278015
2015-07-13,AJBU.SI,0.7124394178390503
2015-07-14,AJBU.SI,0.715816080570221
2015-07-15,AJBU.SI,0.715816080570221
2015-07-16,AJBU.SI,0.7293223142623901
2015-07-20,AJBU.SI,0.7394517660140991
2015-07-21,AJBU.SI,0.7326990365982056
2015-07-22,AJBU.SI,0.7435905933380127
2015-07-23,AJBU.SI,0.7575551271438599
2015-07-24,AJBU.SI,0.7540636658668518
2015-07-27,AJBU.SI,0.7470812797546387
2015-07-28,AJBU.SI,0.7505725622177124
2015-07-29,AJBU.SI,0.7470812797546387
2015-07-30,AJBU.SI,0.7575551271438599
2015-07-31,AJBU.SI,0.7575551271438599
2015-08-03,AJBU.SI,0.7575551271438599
2015-08-04,AJBU.SI,0.7645369172096252
2015-08-05,AJBU.SI,0.7680280208587646
2015-08-06,AJBU.SI,0.7680280208587646
2015-08-07,AJBU.SI,0.7680280208587646
2015-08-11,AJBU.SI,0.7645369172096252
2015-08-12,AJBU.SI,0.7505725622177124
2015-08-13,AJBU.SI,0.7575551271438599
2015-08-14,AJBU.SI,0.7610455751419067
2015-08-17,AJBU.SI,0.7575551271438599
2015-08-18,AJBU.SI,0.7540636658668518
2015-08-19,AJBU.SI,0.7505725622177124
2015-08-20,AJBU.SI,0.7400994300842285
2015-08-21,AJBU.SI,0.7191532254219055
2015-08-24,AJBU.SI,0.6912251710891724
2015-08-25,AJBU.SI,0.6912251710891724
2015-08-26,AJBU.SI,0.6982070207595825
2015-08-27,AJBU.SI,0.7086801528930664
2015-08-28,AJBU.SI,0.7261350154876709
2015-08-31,AJBU.SI,0.7191532254219055
2015-09-01,AJBU.SI,0.7051888704299927
2015-09-02,AJBU.SI,0.701698362827301
2015-09-03,AJBU.SI,0.701698362827301
2015-09-04,AJBU.SI,0.7051888704299927
2015-09-07,AJBU.SI,0.701698362827301
2015-09-08,AJBU.SI,0.6982070207595825
2015-09-09,AJBU.SI,0.7086801528930664
2015-09-10,AJBU.SI,0.701698362827301
2015-09-14,AJBU.SI,0.6982070207595825
2015-09-15,AJBU.SI,0.694715678691864
2015-09-16,AJBU.SI,0.701698362827301
2015-09-17,AJBU.SI,0.701698362827301
2015-09-18,AJBU.SI,0.7121713161468506
2015-09-21,AJBU.SI,0.7156619429588318
2015-09-22,AJBU.SI,0.7051888704299927
2015-09-23,AJBU.SI,0.7121713161468506
2015-09-25,AJBU.SI,0.7086801528930664
2015-09-28,AJBU.SI,0.7086801528930664
2015-09-29,AJBU.SI,0.7051888704299927
2015-09-30,AJBU.SI,0.7121713161468506
2015-10-01,AJBU.SI,0.7156619429588318
2015-10-02,AJBU.SI,0.7156619429588318
2015-10-05,AJBU.SI,0.7156619429588318
2015-10-06,AJBU.SI,0.7121713161468506
2015-10-07,AJBU.SI,0.7191532254219055
2015-10-08,AJBU.SI,0.7226445078849792
2015-10-09,AJBU.SI,0.7296262979507446
2015-10-12,AJBU.SI,0.7261350154876709
2015-10-13,AJBU.SI,0.7296262979507446
2015-10-14,AJBU.SI,0.7296262979507446
2015-10-15,AJBU.SI,0.7296262979507446
2015-10-16,AJBU.SI,0.7296262979507446
2015-10-19,AJBU.SI,0.7296262979507446
2015-10-20,AJBU.SI,0.7296262979507446
2015-10-21,AJBU.SI,0.7331176400184631
2015-10-22,AJBU.SI,0.7296262979507446
2015-10-23,AJBU.SI,0.7366082072257996
2015-10-26,AJBU.SI,0.7331176400184631
2015-10-27,AJBU.SI,0.7400994300842285
2015-10-28,AJBU.SI,0.7400994300842285
2015-10-29,AJBU.SI,0.7366082072257996
2015-10-30,AJBU.SI,0.7296262979507446
2015-11-02,AJBU.SI,0.7331176400184631
2015-11-03,AJBU.SI,0.7296262979507446
2015-11-04,AJBU.SI,0.7331176400184631
2015-11-05,AJBU.SI,0.7331176400184631
2015-11-06,AJBU.SI,0.7331176400184631
2015-11-09,AJBU.SI,0.7331176400184631
2015-11-11,AJBU.SI,0.7261350154876709
2015-11-12,AJBU.SI,0.7296262979507446
2015-11-13,AJBU.SI,0.7331176400184631
2015-11-16,AJBU.SI,0.7261350154876709
2015-11-17,AJBU.SI,0.7261350154876709
2015-11-18,AJBU.SI,0.7261350154876709
2015-11-19,AJBU.SI,0.7296262979507446
2015-11-20,AJBU.SI,0.7331176400184631
2015-11-23,AJBU.SI,0.7296262979507446
2015-11-24,AJBU.SI,0.7331176400184631
2015-11-25,AJBU.SI,0.7296262979507446
2015-11-26,AJBU.SI,0.7296262979507446
2015-11-27,AJBU.SI,0.7331176400184631
2015-11-30,AJBU.SI,0.7331176400184631
2015-12-01,AJBU.SI,0.7261350154876709
2015-12-02,AJBU.SI,0.7296262979507446
2015-12-03,AJBU.SI,0.7261350154876709
2015-12-04,AJBU.SI,0.7261350154876709
2015-12-07,AJBU.SI,0.7226445078849792
2015-12-08,AJBU.SI,0.7226445078849792
2015-12-09,AJBU.SI,0.7191532254219055
2015-12-10,AJBU.SI,0.7086801528930664
2015-12-11,AJBU.SI,0.7086801528930664
2015-12-14,AJBU.SI,0.6982070207595825
2015-12-15,AJBU.SI,0.7051888704299927
2015-12-16,AJBU.SI,0.6982070207595825
2015-12-17,AJBU.SI,0.701698362827301
2015-12-18,AJBU.SI,0.7121713161468506
2015-12-21,AJBU.SI,0.7051888704299927
2015-12-22,AJBU.SI,0.7051888704299927
2015-12-23,AJBU.SI,0.7051888704299927
2015-12-24,AJBU.SI,0.7051888704299927
2015-12-28,AJBU.SI,0.7051888704299927
2015-12-29,AJBU.SI,0.701698362827301
2015-12-30,AJBU.SI,0.701698362827301
2015-12-31,AJBU.SI,0.7086801528930664
2016-01-04,AJBU.SI,0.7086801528930664
2016-01-05,AJBU.SI,0.7191532254219055
2016-01-06,AJBU.SI,0.7226445078849792
2016-01-07,AJBU.SI,0.7051888704299927
2016-01-08,AJBU.SI,0.7156619429588318
2016-01-11,AJBU.SI,0.7051888704299927
2016-01-12,AJBU.SI,0.7051888704299927
2016-01-13,AJBU.SI,0.7086801528930664
2016-01-14,AJBU.SI,0.7051888704299927
2016-01-15,AJBU.SI,0.7156619429588318
2016-01-18,AJBU.SI,0.701698362827301
2016-01-19,AJBU.SI,0.7086801528930664
2016-01-20,AJBU.SI,0.7107007503509521
2016-01-21,AJBU.SI,0.7070928812026978
2016-01-22,AJBU.SI,0.699877917766571
2016-01-25,AJBU.SI,0.6926628947257996
2016-01-26,AJBU.SI,0.6962698698043823
2016-01-27,AJBU.SI,0.699877917766571
2016-01-28,AJBU.SI,0.699877917766571
2016-01-29,AJBU.SI,0.7215234637260437
2016-02-01,AJBU.SI,0.7251313328742981
2016-02-02,AJBU.SI,0.7287384271621704
2016-02-03,AJBU.SI,0.7323463559150696
2016-02-04,AJBU.SI,0.7323463559150696
2016-02-05,AJBU.SI,0.735954225063324
2016-02-10,AJBU.SI,0.7287384271621704
2016-02-11,AJBU.SI,0.7287384271621704
2016-02-12,AJBU.SI,0.7251313328742981
2016-02-15,AJBU.SI,0.7395613789558411
2016-02-16,AJBU.SI,0.735954225063324
2016-02-17,AJBU.SI,0.735954225063324
2016-02-18,AJBU.SI,0.7395613789558411
2016-02-19,AJBU.SI,0.7395613789558411
2016-02-22,AJBU.SI,0.7431691288948059
2016-02-23,AJBU.SI,0.7612069845199585
2016-02-24,AJBU.SI,0.7503840327262878
2016-02-25,AJBU.SI,0.757599949836731
2016-02-26,AJBU.SI,0.7539920210838318
2016-02-29,AJBU.SI,0.7612069845199585
2016-03-01,AJBU.SI,0.7648148536682129
2016-03-02,AJBU.SI,0.7648148536682129
2016-03-03,AJBU.SI,0.7684227824211121
2016-03-04,AJBU.SI,0.7648148536682129
2016-03-07,AJBU.SI,0.7539920210838318
2016-03-08,AJBU.SI,0.757599949836731
2016-03-09,AJBU.SI,0.7648148536682129
2016-03-10,AJBU.SI,0.7684227824211121
2016-03-11,AJBU.SI,0.7684227824211121
2016-03-14,AJBU.SI,0.7684227824211121
2016-03-15,AJBU.SI,0.7684227824211121
2016-03-16,AJBU.SI,0.7720298767089844
2016-03-17,AJBU.SI,0.7720298767089844
2016-03-18,AJBU.SI,0.7828535437583923
2016-03-21,AJBU.SI,0.7756377458572388
2016-03-22,AJBU.SI,0.7720298767089844
2016-03-23,AJBU.SI,0.7756377458572388
2016-03-24,AJBU.SI,0.7684227824211121
2016-03-28,AJBU.SI,0.7648148536682129
2016-03-29,AJBU.SI,0.7612069845199585
2016-03-30,AJBU.SI,0.7684227824211121
2016-03-31,AJBU.SI,0.7648148536682129
2016-04-01,AJBU.SI,0.7612069845199585
2016-04-04,AJBU.SI,0.7539920210838318
2016-04-05,AJBU.SI,0.757599949836731
2016-04-06,AJBU.SI,0.757599949836731
2016-04-07,AJBU.SI,0.757599949836731
2016-04-08,AJBU.SI,0.7720298767089844
2016-04-11,AJBU.SI,0.7648148536682129
2016-04-12,AJBU.SI,0.7612069845199585
2016-04-13,AJBU.SI,0.7684227824211121
2016-04-14,AJBU.SI,0.7720298767089844
2016-04-15,AJBU.SI,0.7792454957962036
2016-04-18,AJBU.SI,0.7828535437583923
2016-04-19,AJBU.SI,0.7828535437583923
2016-04-20,AJBU.SI,0.7864604592323303
2016-04-21,AJBU.SI,0.7900683879852295
2016-04-22,AJBU.SI,0.7900683879852295
2016-04-25,AJBU.SI,0.7936761975288391
2016-04-26,AJBU.SI,0.7828535437583923
2016-04-27,AJBU.SI,0.7900683879852295
2016-04-28,AJBU.SI,0.7936761975288391
2016-04-29,AJBU.SI,0.7900683879852295
2016-05-03,AJBU.SI,0.7936761975288391
2016-05-04,AJBU.SI,0.7936761975288391
2016-05-05,AJBU.SI,0.797283411026001
2016-05-06,AJBU.SI,0.7828535437583923
2016-05-09,AJBU.SI,0.7864604592323303
2016-05-10,AJBU.SI,0.7792454957962036
2016-05-11,AJBU.SI,0.7792454957962036
2016-05-12,AJBU.SI,0.7792454957962036
2016-05-13,AJBU.SI,0.7792454957962036
2016-05-16,AJBU.SI,0.7756377458572388
2016-05-17,AJBU.SI,0.7792454957962036
2016-05-18,AJBU.SI,0.7828535437583923
2016-05-19,AJBU.SI,0.7756377458572388
2016-05-20,AJBU.SI,0.7756377458572388
2016-05-23,AJBU.SI,0.7792454957962036
2016-05-24,AJBU.SI,0.7792454957962036
2016-05-25,AJBU.SI,0.7756377458572388
2016-05-26,AJBU.SI,0.7756377458572388
2016-05-27,AJBU.SI,0.7792454957962036
2016-05-30,AJBU.SI,0.7756377458572388
2016-05-31,AJBU.SI,0.7792454957962036
2016-06-01,AJBU.SI,0.7792454957962036
2016-06-02,AJBU.SI,0.7792454957962036
2016-06-03,AJBU.SI,0.7792454957962036
2016-06-06,AJBU.SI,0.7792454957962036
2016-06-07,AJBU.SI,0.7792454957962036
2016-06-08,AJBU.SI,0.7756377458572388
2016-06-09,AJBU.SI,0.7756377458572388
2016-06-10,AJBU.SI,0.7756377458572388
2016-06-13,AJBU.SI,0.7756377458572388
2016-06-14,AJBU.SI,0.7720298767089844
2016-06-15,AJBU.SI,0.7720298767089844
2016-06-16,AJBU.SI,0.7720298767089844
2016-06-17,AJBU.SI,0.7756377458572388
2016-06-20,AJBU.SI,0.7792454957962036
2016-06-21,AJBU.SI,0.7828535437583923
2016-06-22,AJBU.SI,0.7828535437583923
2016-06-23,AJBU.SI,0.7792454957962036
2016-06-24,AJBU.SI,0.7684227824211121
2016-06-27,AJBU.SI,0.7864604592323303
2016-06-28,AJBU.SI,0.7936761975288391
2016-06-29,AJBU.SI,0.8008910417556763
2016-06-30,AJBU.SI,0.8008910417556763
2016-07-01,AJBU.SI,0.8117139935493469
2016-07-04,AJBU.SI,0.8477903604507446
2016-07-05,AJBU.SI,0.8333596587181091
2016-07-07,AJBU.SI,0.8405746817588806
2016-07-08,AJBU.SI,0.8369675278663635
2016-07-11,AJBU.SI,0.8189290761947632
2016-07-12,AJBU.SI,0.8261448740959167
2016-07-13,AJBU.SI,0.8297517895698547
2016-07-14,AJBU.SI,0.8369675278663635
2016-07-15,AJBU.SI,0.8369675278663635
2016-07-18,AJBU.SI,0.844182550907135
2016-07-19,AJBU.SI,0.8550053834915161
2016-07-20,AJBU.SI,0.8586134910583496
2016-07-21,AJBU.SI,0.8730431795120239
2016-07-22,AJBU.SI,0.8755658268928528
2016-07-25,AJBU.SI,0.8681460618972778
2016-07-26,AJBU.SI,0.9015364050865173
2016-07-27,AJBU.SI,0.8941162824630737
2016-07-28,AJBU.SI,0.8904063105583191
2016-07-29,AJBU.SI,0.8978261351585388
2016-08-01,AJBU.SI,0.8978261351585388
2016-08-02,AJBU.SI,0.886695921421051
2016-08-03,AJBU.SI,0.8829865455627441
2016-08-04,AJBU.SI,0.8829865455627441
2016-08-05,AJBU.SI,0.8829865455627441
2016-08-08,AJBU.SI,0.8755658268928528
2016-08-10,AJBU.SI,0.8829865455627441
2016-08-11,AJBU.SI,0.8941162824630737
2016-08-12,AJBU.SI,0.8792760968208313
2016-08-15,AJBU.SI,0.886695921421051
2016-08-16,AJBU.SI,0.886695921421051
2016-08-17,AJBU.SI,0.8829865455627441
2016-08-18,AJBU.SI,0.8755658268928528
2016-08-19,AJBU.SI,0.886695921421051
2016-08-22,AJBU.SI,0.886695921421051
2016-08-23,AJBU.SI,0.886695921421051
2016-08-24,AJBU.SI,0.886695921421051
2016-08-25,AJBU.SI,0.8904063105583191
2016-08-26,AJBU.SI,0.8978261351585388
2016-08-29,AJBU.SI,0.8829865455627441
2016-08-30,AJBU.SI,0.8904063105583191
2016-08-31,AJBU.SI,0.9052466154098511
2016-09-01,AJBU.SI,0.8941162824630737
2016-09-02,AJBU.SI,0.886695921421051
2016-09-05,AJBU.SI,0.886695921421051
2016-09-06,AJBU.SI,0.8904063105583191
2016-09-07,AJBU.SI,0.8978261351585388
2016-09-08,AJBU.SI,0.8978261351585388
2016-09-09,AJBU.SI,0.8941162824630737
2016-09-13,AJBU.SI,0.8792760968208313
2016-09-14,AJBU.SI,0.8681460618972778
2016-09-15,AJBU.SI,0.8755658268928528
2016-09-16,AJBU.SI,0.8718563318252563
2016-09-19,AJBU.SI,0.8718563318252563
2016-09-20,AJBU.SI,0.8755658268928528
2016-09-21,AJBU.SI,0.8941162824630737
2016-09-22,AJBU.SI,0.8941162824630737
2016-09-23,AJBU.SI,0.8904063105583191
2016-09-26,AJBU.SI,0.8904063105583191
2016-09-27,AJBU.SI,0.9015364050865173
2016-09-28,AJBU.SI,0.9052466154098511
2016-09-29,AJBU.SI,0.9089560508728027
2016-09-30,AJBU.SI,0.9052466154098511
2016-10-03,AJBU.SI,0.9015364050865173
2016-10-04,AJBU.SI,0.9089560508728027
2016-10-05,AJBU.SI,0.9052466154098511
2016-10-06,AJBU.SI,0.8978261351585388
2016-10-07,AJBU.SI,0.9089560508728027
2016-10-10,AJBU.SI,0.9089560508728027
2016-10-11,AJBU.SI,0.9089560508728027
2016-10-12,AJBU.SI,0.8978261351585388
2016-10-13,AJBU.SI,0.8904063105583191
2016-10-14,AJBU.SI,0.8941162824630737
2016-10-17,AJBU.SI,0.9089560508728027
2016-10-18,AJBU.SI,0.9200869202613831
2016-10-19,AJBU.SI,0.9312170147895813
2016-10-20,AJBU.SI,0.927506685256958
2016-10-21,AJBU.SI,0.9353756904602051
2016-10-24,AJBU.SI,0.9391474723815918
2016-10-25,AJBU.SI,0.9429193139076233
2016-10-26,AJBU.SI,0.9504619836807251
2016-10-27,AJBU.SI,0.9580055475234985
2016-10-28,AJBU.SI,0.9429193139076233
2016-10-31,AJBU.SI,0.9391474723815918
2016-11-01,AJBU.SI,0.9278324246406555
2016-11-02,AJBU.SI,0.9316042065620422
2016-11-03,AJBU.SI,0.9353756904602051
2016-11-04,AJBU.SI,0.912745475769043
2016-11-07,AJBU.SI,0.9165171384811401
2016-11-08,AJBU.SI,0.924060583114624
2016-11-09,AJBU.SI,0.912745475769043
2016-11-10,AJBU.SI,0.912745475769043
2016-11-11,AJBU.SI,0.9014301896095276
2016-11-14,AJBU.SI,0.8750289082527161
2016-11-15,AJBU.SI,0.878800630569458
2016-11-16,AJBU.SI,0.893886923789978
2016-11-17,AJBU.SI,0.9014301896095276
2016-11-18,AJBU.SI,0.9052019715309143
2016-11-21,AJBU.SI,0.9052019715309143
2016-11-22,AJBU.SI,0.9202887415885925
2016-11-23,AJBU.SI,0.9165171384811401
2016-11-24,AJBU.SI,0.9165171384811401
2016-11-25,AJBU.SI,0.9278324246406555
2016-11-28,AJBU.SI,0.912745475769043
2016-11-29,AJBU.SI,0.9089736938476562
2016-11-30,AJBU.SI,0.924060583114624
2016-12-01,AJBU.SI,0.9165171384811401
2016-12-02,AJBU.SI,0.9202887415885925
2016-12-05,AJBU.SI,0.9202887415885925
2016-12-06,AJBU.SI,0.924060583114624
2016-12-07,AJBU.SI,0.9165171384811401
2016-12-08,AJBU.SI,0.9391474723815918
2016-12-09,AJBU.SI,0.9429193139076233
2016-12-12,AJBU.SI,0.9391474723815918
2016-12-13,AJBU.SI,0.9353756904602051
2016-12-14,AJBU.SI,0.9429193139076233
2016-12-15,AJBU.SI,0.9353756904602051
2016-12-16,AJBU.SI,0.9429193139076233
2016-12-19,AJBU.SI,0.9278324246406555
2016-12-20,AJBU.SI,0.9165171384811401
2016-12-21,AJBU.SI,0.9089736938476562
2016-12-22,AJBU.SI,0.893886923789978
2016-12-23,AJBU.SI,0.8750289082527161
2016-12-27,AJBU.SI,0.8863439559936523
2016-12-28,AJBU.SI,0.8863439559936523
2016-12-29,AJBU.SI,0.8825722932815552
2016-12-30,AJBU.SI,0.893886923789978
2017-01-03,AJBU.SI,0.89765864610672
2017-01-04,AJBU.SI,0.9052019715309143
2017-01-05,AJBU.SI,0.9202887415885925
2017-01-06,AJBU.SI,0.9278324246406555
2017-01-09,AJBU.SI,0.912745475769043
2017-01-10,AJBU.SI,0.9278324246406555
2017-01-11,AJBU.SI,0.9089736938476562
2017-01-12,AJBU.SI,0.9052019715309143
2017-01-13,AJBU.SI,0.912745475769043
2017-01-16,AJBU.SI,0.912745475769043
2017-01-17,AJBU.SI,0.912745475769043
2017-01-18,AJBU.SI,0.9165171384811401
2017-01-19,AJBU.SI,0.9202887415885925
2017-01-20,AJBU.SI,0.9165171384811401
2017-01-23,AJBU.SI,0.9165171384811401
2017-01-24,AJBU.SI,0.9089736938476562
2017-01-25,AJBU.SI,0.9052019715309143
2017-01-26,AJBU.SI,0.9089736938476562
2017-01-27,AJBU.SI,0.919013500213623
2017-01-31,AJBU.SI,0.922874927520752
2017-02-01,AJBU.SI,0.9267363548278809
2017-02-02,AJBU.SI,0.922874927520752
2017-02-03,AJBU.SI,0.919013500213623
2017-02-06,AJBU.SI,0.919013500213623
2017-02-07,AJBU.SI,0.9112913608551025
2017-02-08,AJBU.SI,0.9112913608551025
2017-02-09,AJBU.SI,0.9267363548278809
2017-02-10,AJBU.SI,0.9267363548278809
2017-02-13,AJBU.SI,0.9112913608551025
2017-02-14,AJBU.SI,0.9112913608551025
2017-02-15,AJBU.SI,0.9035683274269104
2017-02-16,AJBU.SI,0.899707019329071
2017-02-17,AJBU.SI,0.9074298739433289
2017-02-20,AJBU.SI,0.8958455324172974
2017-02-21,AJBU.SI,0.899707019329071
2017-02-22,AJBU.SI,0.8958455324172974
2017-02-23,AJBU.SI,0.9035683274269104
2017-02-24,AJBU.SI,0.8958455324172974
2017-02-27,AJBU.SI,0.899707019329071
2017-02-28,AJBU.SI,0.9112913608551025
2017-03-01,AJBU.SI,0.9112913608551025
2017-03-02,AJBU.SI,0.899707019329071
2017-03-03,AJBU.SI,0.899707019329071
2017-03-06,AJBU.SI,0.899707019329071
2017-03-07,AJBU.SI,0.8958455324172974
2017-03-08,AJBU.SI,0.8919840455055237
2017-03-09,AJBU.SI,0.8881226181983948
2017-03-10,AJBU.SI,0.8881226181983948
2017-03-13,AJBU.SI,0.9151520133018494
2017-03-14,AJBU.SI,0.9035683274269104
2017-03-15,AJBU.SI,0.9035683274269104
2017-03-16,AJBU.SI,0.922874927520752
2017-03-17,AJBU.SI,0.922874927520752
2017-03-20,AJBU.SI,0.919013500213623
2017-03-21,AJBU.SI,0.922874927520752
2017-03-22,AJBU.SI,0.9151520133018494
2017-03-23,AJBU.SI,0.9267363548278809
2017-03-24,AJBU.SI,0.9305978417396545
2017-03-27,AJBU.SI,0.9267363548278809
2017-03-28,AJBU.SI,0.9267363548278809
2017-03-29,AJBU.SI,0.9267363548278809
2017-03-30,AJBU.SI,0.9267363548278809
2017-03-31,AJBU.SI,0.9267363548278809
2017-04-03,AJBU.SI,0.922874927520752
2017-04-04,AJBU.SI,0.9383207559585571
2017-04-05,AJBU.SI,0.9421823024749756
2017-04-06,AJBU.SI,0.9383207559585571
2017-04-07,AJBU.SI,0.9421823024749756
2017-04-10,AJBU.SI,0.9421823024749756
2017-04-11,AJBU.SI,0.9460436701774597
2017-04-12,AJBU.SI,0.9499052166938782
2017-04-13,AJBU.SI,0.9460436701774597
2017-04-17,AJBU.SI,0.9460436701774597
2017-04-18,AJBU.SI,0.9499052166938782
2017-04-19,AJBU.SI,0.9460436701774597
2017-04-20,AJBU.SI,0.9421823024749756
2017-04-21,AJBU.SI,0.9499052166938782
2017-04-24,AJBU.SI,0.9499052166938782
2017-04-25,AJBU.SI,0.9576280117034912
2017-04-26,AJBU.SI,0.9499052166938782
2017-04-27,AJBU.SI,0.9576280117034912
2017-04-28,AJBU.SI,0.9576280117034912
2017-05-02,AJBU.SI,0.9576280117034912
2017-05-03,AJBU.SI,0.9653511643409729
2017-05-04,AJBU.SI,0.9730731844902039
2017-05-05,AJBU.SI,0.9576280117034912
2017-05-08,AJBU.SI,0.9576280117034912
2017-05-09,AJBU.SI,0.9614894390106201
2017-05-11,AJBU.SI,0.9499052166938782
2017-05-12,AJBU.SI,0.9344592690467834
2017-05-15,AJBU.SI,0.9421823024749756
2017-05-16,AJBU.SI,0.9460436701774597
2017-05-17,AJBU.SI,0.9499052166938782
2017-05-18,AJBU.SI,0.9576280117034912
2017-05-19,AJBU.SI,0.9692116975784302
2017-05-22,AJBU.SI,0.9653511643409729
2017-05-23,AJBU.SI,0.9692116975784302
2017-05-24,AJBU.SI,0.9846575260162354
2017-05-25,AJBU.SI,0.9846575260162354
2017-05-26,AJBU.SI,0.9885188341140747
2017-05-29,AJBU.SI,0.9885188341140747
2017-05-30,AJBU.SI,0.9962417483329773
2017-05-31,AJBU.SI,1.0001033544540405
2017-06-01,AJBU.SI,1.0001033544540405
2017-06-02,AJBU.SI,0.9846575260162354
2017-06-05,AJBU.SI,1.0001033544540405
2017-06-06,AJBU.SI,0.9962417483329773
2017-06-07,AJBU.SI,1.0116877555847168
2017-06-08,AJBU.SI,0.9962417483329773
2017-06-09,AJBU.SI,0.9923804998397827
2017-06-12,AJBU.SI,0.9962417483329773
2017-06-13,AJBU.SI,0.9885188341140747
2017-06-14,AJBU.SI,0.9769347310066223
2017-06-15,AJBU.SI,0.9846575260162354
2017-06-16,AJBU.SI,0.9846575260162354
2017-06-19,AJBU.SI,0.980796217918396
2017-06-20,AJBU.SI,0.9730731844902039
2017-06-21,AJBU.SI,0.9730731844902039
2017-06-22,AJBU.SI,0.9769347310066223
2017-06-23,AJBU.SI,0.9769347310066223
2017-06-27,AJBU.SI,0.9885188341140747
2017-06-28,AJBU.SI,1.0116877555847168
2017-06-29,AJBU.SI,1.0039647817611694
2017-06-30,AJBU.SI,0.9962417483329773
2017-07-03,AJBU.SI,0.9923804998397827
2017-07-04,AJBU.SI,0.9923804998397827
2017-07-05,AJBU.SI,0.9962417483329773
2017-07-06,AJBU.SI,0.9885188341140747
2017-07-07,AJBU.SI,0.9769347310066223
2017-07-10,AJBU.SI,0.9923804998397827
2017-07-11,AJBU.SI,0.9885188341140747
2017-07-12,AJBU.SI,0.9962417483329773
2017-07-13,AJBU.SI,1.0001033544540405
2017-07-14,AJBU.SI,1.0194106101989746
2017-07-17,AJBU.SI,1.0194106101989746
2017-07-18,AJBU.SI,1.0271327495574951
2017-07-19,AJBU.SI,1.034855604171753
2017-07-20,AJBU.SI,1.0194106101989746
2017-07-21,AJBU.SI,1.0323545932769775
2017-07-24,AJBU.SI,1.028383731842041
2017-07-25,AJBU.SI,1.024412989616394
2017-07-26,AJBU.SI,1.028383731842041
2017-07-27,AJBU.SI,1.0164717435836792
2017-07-28,AJBU.SI,1.028383731842041
2017-07-31,AJBU.SI,1.0164717435836792
2017-08-01,AJBU.SI,1.0164717435836792
2017-08-02,AJBU.SI,1.0164717435836792
2017-08-03,AJBU.SI,1.0125012397766113
2017-08-04,AJBU.SI,1.0164717435836792
2017-08-07,AJBU.SI,1.0164717435836792
2017-08-08,AJBU.SI,1.028383731842041
2017-08-10,AJBU.SI,1.024412989616394
2017-08-11,AJBU.SI,1.0204426050186157
2017-08-14,AJBU.SI,1.0204426050186157
2017-08-15,AJBU.SI,1.0125012397766113
2017-08-16,AJBU.SI,1.0045602321624756
2017-08-17,AJBU.SI,1.0125012397766113
2017-08-18,AJBU.SI,1.0323545932769775
2017-08-21,AJBU.SI,1.0204426050186157
2017-08-22,AJBU.SI,1.0204426050186157
2017-08-23,AJBU.SI,1.0164717435836792
2017-08-24,AJBU.SI,1.0164717435836792
2017-08-25,AJBU.SI,1.0164717435836792
2017-08-28,AJBU.SI,1.0125012397766113
2017-08-29,AJBU.SI,1.0164717435836792
2017-08-30,AJBU.SI,1.0164717435836792
2017-08-31,AJBU.SI,1.0204426050186157
2017-09-04,AJBU.SI,1.0204426050186157
2017-09-05,AJBU.SI,1.0204426050186157
2017-09-06,AJBU.SI,1.0164717435836792
2017-09-07,AJBU.SI,1.024412989616394
2017-09-08,AJBU.SI,1.0204426050186157
2017-09-11,AJBU.SI,1.0323545932769775
2017-09-12,AJBU.SI,1.028383731842041
2017-09-13,AJBU.SI,1.024412989616394
2017-09-14,AJBU.SI,1.0363250970840454
2017-09-15,AJBU.SI,1.0363250970840454
2017-09-18,AJBU.SI,1.0482369661331177
2017-09-19,AJBU.SI,1.0561774969100952
2017-09-20,AJBU.SI,1.0482369661331177
2017-09-21,AJBU.SI,1.0363250970840454
2017-09-22,AJBU.SI,1.0323545932769775
2017-09-25,AJBU.SI,1.0363250970840454
2017-09-26,AJBU.SI,1.0482369661331177
2017-09-27,AJBU.SI,1.068089485168457
2017-09-28,AJBU.SI,1.0601482391357422
2017-09-29,AJBU.SI,1.0522077083587646
2017-10-02,AJBU.SI,1.0601482391357422
2017-10-03,AJBU.SI,1.06411874294281
2017-10-04,AJBU.SI,1.0720603466033936
2017-10-05,AJBU.SI,1.0601482391357422
2017-10-06,AJBU.SI,1.068089485168457
2017-10-09,AJBU.SI,1.0720603466033936
2017-10-10,AJBU.SI,1.06411874294281
2017-10-11,AJBU.SI,1.068089485168457
2017-10-12,AJBU.SI,1.068089485168457
2017-10-13,AJBU.SI,1.0800012350082397
2017-10-16,AJBU.SI,1.0720603466033936
2017-10-17,AJBU.SI,1.068089485168457
2017-10-19,AJBU.SI,1.06411874294281
2017-10-20,AJBU.SI,1.06411874294281
2017-10-23,AJBU.SI,1.103825330734253
2017-10-24,AJBU.SI,1.099854588508606
2017-10-25,AJBU.SI,1.099854588508606
2017-10-26,AJBU.SI,1.0919135808944702
2017-10-27,AJBU.SI,1.0879427194595337
2017-10-30,AJBU.SI,1.0839720964431763
2017-10-31,AJBU.SI,1.0919135808944702
2017-11-01,AJBU.SI,1.0879427194595337
2017-11-02,AJBU.SI,1.0919135808944702
2017-11-03,AJBU.SI,1.0958842039108276
2017-11-06,AJBU.SI,1.0839720964431763
2017-11-07,AJBU.SI,1.0958842039108276
2017-11-08,AJBU.SI,1.103825330734253
2017-11-09,AJBU.SI,1.1077960729599
2017-11-10,AJBU.SI,1.0919135808944702
2017-11-13,AJBU.SI,1.1117666959762573
2017-11-14,AJBU.SI,1.103825330734253
2017-11-15,AJBU.SI,1.1117666959762573
2017-11-16,AJBU.SI,1.103825330734253
2017-11-17,AJBU.SI,1.1117666959762573
2017-11-20,AJBU.SI,1.103825330734253
2017-11-21,AJBU.SI,1.1276483535766602
2017-11-22,AJBU.SI,1.135589838027954
2017-11-23,AJBU.SI,1.135589838027954
2017-11-24,AJBU.SI,1.135589838027954
2017-11-27,AJBU.SI,1.143531084060669
2017-11-28,AJBU.SI,1.135589838027954
2017-11-29,AJBU.SI,1.143531084060669
2017-11-30,AJBU.SI,1.1276483535766602
2017-12-01,AJBU.SI,1.1276483535766602
2017-12-04,AJBU.SI,1.143531084060669
2017-12-05,AJBU.SI,1.143531084060669
2017-12-06,AJBU.SI,1.1276483535766602
2017-12-07,AJBU.SI,1.135589838027954
2017-12-08,AJBU.SI,1.1276483535766602
2017-12-11,AJBU.SI,1.1276483535766602
2017-12-12,AJBU.SI,1.135589838027954
2017-12-13,AJBU.SI,1.1276483535766602
2017-12-14,AJBU.SI,1.1276483535766602
2017-12-15,AJBU.SI,1.135589838027954
2017-12-18,AJBU.SI,1.1276483535766602
2017-12-19,AJBU.SI,1.1276483535766602
2017-12-20,AJBU.SI,1.1197069883346558
2017-12-21,AJBU.SI,1.103825330734253
2017-12-22,AJBU.SI,1.1117666959762573
2017-12-26,AJBU.SI,1.103825330734253
2017-12-27,AJBU.SI,1.1276483535766602
2017-12-28,AJBU.SI,1.135589838027954
2017-12-29,AJBU.SI,1.135589838027954
2018-01-02,AJBU.SI,1.135589838027954
2018-01-03,AJBU.SI,1.143531084060669
2018-01-04,AJBU.SI,1.1514722108840942
2018-01-05,AJBU.SI,1.1514722108840942
2018-01-08,AJBU.SI,1.1514722108840942
2018-01-09,AJBU.SI,1.1514722108840942
2018-01-10,AJBU.SI,1.1594133377075195
2018-01-11,AJBU.SI,1.1514722108840942
2018-01-12,AJBU.SI,1.1514722108840942
2018-01-15,AJBU.SI,1.1514722108840942
2018-01-16,AJBU.SI,1.1594133377075195
2018-01-17,AJBU.SI,1.1594133377075195
2018-01-18,AJBU.SI,1.1673551797866821
2018-01-19,AJBU.SI,1.1752954721450806
2018-01-22,AJBU.SI,1.1673551797866821
2018-01-23,AJBU.SI,1.1594133377075195
2018-01-24,AJBU.SI,1.1594133377075195
2018-01-25,AJBU.SI,1.1594133377075195
2018-01-26,AJBU.SI,1.163399577140808
2018-01-29,AJBU.SI,1.1552636623382568
2018-01-30,AJBU.SI,1.1471282243728638
2018-01-31,AJBU.SI,1.163399577140808
2018-02-01,AJBU.SI,1.1552636623382568
2018-02-02,AJBU.SI,1.1552636623382568
2018-02-05,AJBU.SI,1.1064499616622925
2018-02-06,AJBU.SI,1.1064499616622925
2018-02-07,AJBU.SI,1.1145857572555542
2018-02-08,AJBU.SI,1.1145857572555542
2018-02-09,AJBU.SI,1.090178370475769
2018-02-12,AJBU.SI,1.0983140468597412
2018-02-13,AJBU.SI,1.0983140468597412
2018-02-14,AJBU.SI,1.130857229232788
2018-02-15,AJBU.SI,1.130857229232788
2018-02-19,AJBU.SI,1.1145857572555542
2018-02-20,AJBU.SI,1.130857229232788
2018-02-21,AJBU.SI,1.130857229232788
2018-02-22,AJBU.SI,1.090178370475769
2018-02-23,AJBU.SI,1.0983140468597412
2018-02-26,AJBU.SI,1.130857229232788
2018-02-27,AJBU.SI,1.1389930248260498
2018-02-28,AJBU.SI,1.1389930248260498
2018-03-01,AJBU.SI,1.130857229232788
2018-03-02,AJBU.SI,1.130857229232788
2018-03-05,AJBU.SI,1.1227216720581055
2018-03-06,AJBU.SI,1.1145857572555542
2018-03-07,AJBU.SI,1.1064499616622925
2018-03-08,AJBU.SI,1.1145857572555542
2018-03-09,AJBU.SI,1.1145857572555542
2018-03-12,AJBU.SI,1.1389930248260498
2018-03-13,AJBU.SI,1.1471282243728638
2018-03-14,AJBU.SI,1.1389930248260498
2018-03-15,AJBU.SI,1.1389930248260498
2018-03-16,AJBU.SI,1.1389930248260498
2018-03-19,AJBU.SI,1.1389930248260498
2018-03-20,AJBU.SI,1.1471282243728638
2018-03-21,AJBU.SI,1.1552636623382568
2018-03-22,AJBU.SI,1.1471282243728638
2018-03-23,AJBU.SI,1.1389930248260498
2018-03-26,AJBU.SI,1.1389930248260498
2018-03-27,AJBU.SI,1.1796711683273315
2018-03-28,AJBU.SI,1.1552636623382568
2018-03-29,AJBU.SI,1.1715351343154907
2018-04-02,AJBU.SI,1.163399577140808
2018-04-03,AJBU.SI,1.1715351343154907
2018-04-04,AJBU.SI,1.1796711683273315
2018-04-05,AJBU.SI,1.1796711683273315
2018-04-06,AJBU.SI,1.1878067255020142
2018-04-09,AJBU.SI,1.1878067255020142
2018-04-10,AJBU.SI,1.1959426403045654
2018-04-11,AJBU.SI,1.1959426403045654
2018-04-12,AJBU.SI,1.1796711683273315
2018-04-13,AJBU.SI,1.1878067255020142
2018-04-16,AJBU.SI,1.1878067255020142
2018-04-17,AJBU.SI,1.1471282243728638
2018-04-18,AJBU.SI,1.163399577140808
2018-04-19,AJBU.SI,1.163399577140808
2018-04-20,AJBU.SI,1.163399577140808
2018-04-23,AJBU.SI,1.1552636623382568
2018-04-24,AJBU.SI,1.163399577140808
2018-04-25,AJBU.SI,1.1552636623382568
2018-04-26,AJBU.SI,1.1552636623382568
2018-04-27,AJBU.SI,1.163399577140808
2018-04-30,AJBU.SI,1.163399577140808
2018-05-02,AJBU.SI,1.1715351343154907
2018-05-03,AJBU.SI,1.1471282243728638
2018-05-04,AJBU.SI,1.163399577140808
2018-05-07,AJBU.SI,1.163399577140808
2018-05-08,AJBU.SI,1.1227216720581055
2018-05-09,AJBU.SI,1.1389930248260498
2018-05-10,AJBU.SI,1.1389930248260498
2018-05-11,AJBU.SI,1.1370837688446045
2018-05-14,AJBU.SI,1.1536836624145508
2018-05-15,AJBU.SI,1.1453839540481567
2018-05-16,AJBU.SI,1.1370837688446045
2018-05-17,AJBU.SI,1.1370837688446045
2018-05-18,AJBU.SI,1.1287837028503418
2018-05-21,AJBU.SI,1.1287837028503418
2018-05-22,AJBU.SI,1.120483636856079
2018-05-23,AJBU.SI,1.1287837028503418
2018-05-24,AJBU.SI,1.1370837688446045
2018-05-25,AJBU.SI,1.1370837688446045
2018-05-28,AJBU.SI,1.1453839540481567
2018-05-30,AJBU.SI,1.1453839540481567
2018-05-31,AJBU.SI,1.161983847618103
2018-06-01,AJBU.SI,1.1370837688446045
2018-06-04,AJBU.SI,1.1536836624145508
2018-06-05,AJBU.SI,1.1453839540481567
2018-06-06,AJBU.SI,1.1536836624145508
2018-06-07,AJBU.SI,1.1536836624145508
2018-06-08,AJBU.SI,1.1536836624145508
2018-06-11,AJBU.SI,1.1536836624145508
2018-06-12,AJBU.SI,1.1536836624145508
2018-06-13,AJBU.SI,1.1536836624145508
2018-06-14,AJBU.SI,1.1370837688446045
2018-06-18,AJBU.SI,1.120483636856079
2018-06-19,AJBU.SI,1.1038837432861328
2018-06-20,AJBU.SI,1.1121835708618164
2018-06-21,AJBU.SI,1.1121835708618164
2018-06-22,AJBU.SI,1.120483636856079
2018-06-25,AJBU.SI,1.120483636856079
2018-06-26,AJBU.SI,1.1121835708618164
2018-06-27,AJBU.SI,1.1121835708618164
2018-06-28,AJBU.SI,1.120483636856079
2018-06-29,AJBU.SI,1.1287837028503418
2018-07-02,AJBU.SI,1.120483636856079
2018-07-03,AJBU.SI,1.120483636856079
2018-07-04,AJBU.SI,1.120483636856079
2018-07-05,AJBU.SI,1.1287837028503418
2018-07-06,AJBU.SI,1.1287837028503418
2018-07-09,AJBU.SI,1.1370837688446045
2018-07-10,AJBU.SI,1.1453839540481567
2018-07-11,AJBU.SI,1.1370837688446045
2018-07-12,AJBU.SI,1.1287837028503418
2018-07-13,AJBU.SI,1.1287837028503418
2018-07-16,AJBU.SI,1.1121835708618164
2018-07-17,AJBU.SI,1.120483636856079
2018-07-18,AJBU.SI,1.1536836624145508
2018-07-19,AJBU.SI,1.1536836624145508
2018-07-20,AJBU.SI,1.1453839540481567
2018-07-23,AJBU.SI,1.1608338356018066
2018-07-24,AJBU.SI,1.1608338356018066
2018-07-25,AJBU.SI,1.1608338356018066
2018-07-26,AJBU.SI,1.1691854000091553
2018-07-27,AJBU.SI,1.1691854000091553
2018-07-30,AJBU.SI,1.1691854000091553
2018-07-31,AJBU.SI,1.1775360107421875
2018-08-01,AJBU.SI,1.1775360107421875
2018-08-02,AJBU.SI,1.1775360107421875
2018-08-03,AJBU.SI,1.1691854000091553
2018-08-06,AJBU.SI,1.1608338356018066
2018-08-07,AJBU.SI,1.1608338356018066
2018-08-08,AJBU.SI,1.152482509613037
2018-08-10,AJBU.SI,1.152482509613037
2018-08-13,AJBU.SI,1.1691854000091553
2018-08-14,AJBU.SI,1.1608338356018066
2018-08-15,AJBU.SI,1.152482509613037
2018-08-16,AJBU.SI,1.144131064414978
2018-08-17,AJBU.SI,1.152482509613037
2018-08-20,AJBU.SI,1.1608338356018066
2018-08-21,AJBU.SI,1.1691854000091553
2018-08-23,AJBU.SI,1.1691854000091553
2018-08-24,AJBU.SI,1.1608338356018066
2018-08-27,AJBU.SI,1.1608338356018066
2018-08-28,AJBU.SI,1.1691854000091553
2018-08-29,AJBU.SI,1.1608338356018066
2018-08-30,AJBU.SI,1.1691854000091553
2018-08-31,AJBU.SI,1.1274280548095703
2018-09-03,AJBU.SI,1.135779619216919
2018-09-04,AJBU.SI,1.135779619216919
2018-09-05,AJBU.SI,1.144131064414978
2018-09-06,AJBU.SI,1.135779619216919
2018-09-07,AJBU.SI,1.135779619216919
2018-09-10,AJBU.SI,1.1274280548095703
2018-09-11,AJBU.SI,1.1274280548095703
2018-09-12,AJBU.SI,1.135779619216919
2018-09-13,AJBU.SI,1.1274280548095703
2018-09-14,AJBU.SI,1.1190766096115112
2018-09-17,AJBU.SI,1.1190766096115112
2018-09-18,AJBU.SI,1.1190766096115112
2018-09-19,AJBU.SI,1.144131064414978
2018-09-20,AJBU.SI,1.135779619216919
2018-09-21,AJBU.SI,1.144131064414978
2018-09-24,AJBU.SI,1.135779619216919
2018-09-25,AJBU.SI,1.144131064414978
2018-09-26,AJBU.SI,1.144131064414978
2018-09-27,AJBU.SI,1.135779619216919
2018-09-28,AJBU.SI,1.144131064414978
2018-10-01,AJBU.SI,1.144131064414978
2018-10-02,AJBU.SI,1.144131064414978
2018-10-03,AJBU.SI,1.144131064414978
2018-10-04,AJBU.SI,1.152482509613037
2018-10-05,AJBU.SI,1.135779619216919
2018-10-08,AJBU.SI,1.1190766096115112
2018-10-09,AJBU.SI,1.1107251644134521
2018-10-10,AJBU.SI,1.1190766096115112
2018-10-11,AJBU.SI,1.0856717824935913
2018-10-12,AJBU.SI,1.1107251644134521
2018-10-15,AJBU.SI,1.1107251644134521
2018-10-16,AJBU.SI,1.1190766096115112
2018-10-17,AJBU.SI,1.1190766096115112
2018-10-18,AJBU.SI,1.1274280548095703
2018-10-19,AJBU.SI,1.1274280548095703
2018-10-22,AJBU.SI,1.135779619216919
2018-10-23,AJBU.SI,1.135779619216919
2018-10-24,AJBU.SI,1.135779619216919
2018-10-25,AJBU.SI,1.135779619216919
2018-10-26,AJBU.SI,1.1274280548095703
2018-10-29,AJBU.SI,1.1190766096115112
2018-10-30,AJBU.SI,1.1190766096115112
2018-10-31,AJBU.SI,1.1107251644134521
2018-11-01,AJBU.SI,1.1107251644134521
2018-11-02,AJBU.SI,1.1190766096115112
2018-11-05,AJBU.SI,1.1107251644134521
2018-11-07,AJBU.SI,1.1107251644134521
2018-11-08,AJBU.SI,1.1190766096115112
2018-11-09,AJBU.SI,1.1274280548095703
2018-11-12,AJBU.SI,1.1274280548095703
2018-11-13,AJBU.SI,1.1274280548095703
2018-11-14,AJBU.SI,1.1274280548095703
2018-11-15,AJBU.SI,1.1274280548095703
2018-11-16,AJBU.SI,1.1274280548095703
2018-11-19,AJBU.SI,1.135779619216919
2018-11-20,AJBU.SI,1.1274280548095703
2018-11-21,AJBU.SI,1.1274280548095703
2018-11-22,AJBU.SI,1.1274280548095703
2018-11-23,AJBU.SI,1.1274280548095703
2018-11-26,AJBU.SI,1.1274280548095703
2018-11-27,AJBU.SI,1.1274280548095703
2018-11-28,AJBU.SI,1.135779619216919
2018-11-29,AJBU.SI,1.135779619216919
2018-11-30,AJBU.SI,1.135779619216919
2018-12-03,AJBU.SI,1.135779619216919
2018-12-04,AJBU.SI,1.1190766096115112
2018-12-05,AJBU.SI,1.1190766096115112
2018-12-06,AJBU.SI,1.135779619216919
2018-12-07,AJBU.SI,1.152482509613037
2018-12-10,AJBU.SI,1.144131064414978
2018-12-11,AJBU.SI,1.152482509613037
2018-12-12,AJBU.SI,1.152482509613037
2018-12-13,AJBU.SI,1.152482509613037
2018-12-14,AJBU.SI,1.152482509613037
2018-12-17,AJBU.SI,1.152482509613037
2018-12-18,AJBU.SI,1.152482509613037
2018-12-19,AJBU.SI,1.152482509613037
2018-12-20,AJBU.SI,1.152482509613037
2018-12-21,AJBU.SI,1.152482509613037
2018-12-24,AJBU.SI,1.144131064414978
2018-12-26,AJBU.SI,1.1274280548095703
2018-12-27,AJBU.SI,1.1274280548095703
2018-12-28,AJBU.SI,1.135779619216919
2018-12-31,AJBU.SI,1.1274280548095703
2019-01-01,AJBU.SI,1.1274280548095703
2019-01-02,AJBU.SI,1.135779619216919
2019-01-03,AJBU.SI,1.135779619216919
2019-01-04,AJBU.SI,1.144131064414978
2019-01-07,AJBU.SI,1.144131064414978
2019-01-08,AJBU.SI,1.152482509613037
2019-01-09,AJBU.SI,1.152482509613037
2019-01-10,AJBU.SI,1.152482509613037
2019-01-11,AJBU.SI,1.1608338356018066
2019-01-14,AJBU.SI,1.1608338356018066
2019-01-15,AJBU.SI,1.1775360107421875
2019-01-16,AJBU.SI,1.185887336730957
2019-01-17,AJBU.SI,1.185887336730957
2019-01-18,AJBU.SI,1.1942387819290161
2019-01-21,AJBU.SI,1.1942387819290161
2019-01-22,AJBU.SI,1.202589988708496
2019-01-23,AJBU.SI,1.2276443243026733
2019-01-24,AJBU.SI,1.2359951734542847
2019-01-25,AJBU.SI,1.2359951734542847
2019-01-28,AJBU.SI,1.2359951734542847
2019-01-29,AJBU.SI,1.2419910430908203
2019-01-30,AJBU.SI,1.2248598337173462
2019-01-31,AJBU.SI,1.233425259590149
2019-02-01,AJBU.SI,1.233425259590149
2019-02-04,AJBU.SI,1.233425259590149
2019-02-05,AJBU.SI,1.233425259590149
2019-02-07,AJBU.SI,1.2419910430908203
2019-02-08,AJBU.SI,1.233425259590149
2019-02-11,AJBU.SI,1.2248598337173462
2019-02-12,AJBU.SI,1.2248598337173462
2019-02-13,AJBU.SI,1.2419910430908203
2019-02-14,AJBU.SI,1.2419910430908203
2019-02-15,AJBU.SI,1.2419910430908203
2019-02-18,AJBU.SI,1.2419910430908203
2019-02-19,AJBU.SI,1.250556468963623
2019-02-20,AJBU.SI,1.250556468963623
2019-02-21,AJBU.SI,1.2591221332550049
2019-02-22,AJBU.SI,1.2591221332550049
2019-02-25,AJBU.SI,1.250556468963623
2019-02-26,AJBU.SI,1.2591221332550049
2019-02-27,AJBU.SI,1.2591221332550049
2019-02-28,AJBU.SI,1.2591221332550049
2019-03-01,AJBU.SI,1.2591221332550049
2019-03-04,AJBU.SI,1.2591221332550049
2019-03-05,AJBU.SI,1.250556468963623
2019-03-06,AJBU.SI,1.250556468963623
2019-03-07,AJBU.SI,1.250556468963623
2019-03-08,AJBU.SI,1.250556468963623
2019-03-11,AJBU.SI,1.233425259590149
2019-03-12,AJBU.SI,1.2419910430908203
2019-03-13,AJBU.SI,1.233425259590149
2019-03-14,AJBU.SI,1.2419910430908203
2019-03-15,AJBU.SI,1.250556468963623
2019-03-18,AJBU.SI,1.250556468963623
2019-03-19,AJBU.SI,1.250556468963623
2019-03-20,AJBU.SI,1.250556468963623
2019-03-21,AJBU.SI,1.250556468963623
2019-03-22,AJBU.SI,1.250556468963623
2019-03-25,AJBU.SI,1.250556468963623
2019-03-26,AJBU.SI,1.2591221332550049
2019-03-27,AJBU.SI,1.2762523889541626
2019-03-28,AJBU.SI,1.284818172454834
2019-03-29,AJBU.SI,1.284818172454834
2019-04-01,AJBU.SI,1.284818172454834
2019-04-02,AJBU.SI,1.284818172454834
2019-04-03,AJBU.SI,1.2676867246627808
2019-04-04,AJBU.SI,1.2676867246627808
2019-04-05,AJBU.SI,1.2591221332550049
2019-04-08,AJBU.SI,1.2676867246627808
2019-04-09,AJBU.SI,1.2762523889541626
2019-04-10,AJBU.SI,1.2762523889541626
2019-04-11,AJBU.SI,1.2762523889541626
2019-04-12,AJBU.SI,1.2676867246627808
2019-04-15,AJBU.SI,1.2762523889541626
2019-04-16,AJBU.SI,1.2762523889541626
2019-04-17,AJBU.SI,1.2762523889541626
2019-04-18,AJBU.SI,1.2762523889541626
2019-04-22,AJBU.SI,1.2762523889541626
2019-04-23,AJBU.SI,1.2762523889541626
2019-04-24,AJBU.SI,1.284818172454834
2019-04-25,AJBU.SI,1.284818172454834
2019-04-26,AJBU.SI,1.284818172454834
2019-04-29,AJBU.SI,1.301949143409729
2019-04-30,AJBU.SI,1.2933835983276367
2019-05-02,AJBU.SI,1.3105145692825317
2019-05-03,AJBU.SI,1.3190803527832031
2019-05-06,AJBU.SI,1.2933835983276367
2019-05-07,AJBU.SI,1.3190803527832031
2019-05-08,AJBU.SI,1.3190803527832031
2019-05-09,AJBU.SI,1.3105145692825317
2019-05-10,AJBU.SI,1.3190803527832031
2019-05-13,AJBU.SI,1.3190803527832031
2019-05-14,AJBU.SI,1.3190803527832031
2019-05-15,AJBU.SI,1.327645182609558
2019-05-16,AJBU.SI,1.3190803527832031
2019-05-17,AJBU.SI,1.327645182609558
2019-05-21,AJBU.SI,1.327645182609558
2019-05-22,AJBU.SI,1.3190803527832031
2019-05-23,AJBU.SI,1.327645182609558
2019-05-24,AJBU.SI,1.353341817855835
2019-05-27,AJBU.SI,1.353341817855835
2019-05-28,AJBU.SI,1.3790383338928223
2019-05-29,AJBU.SI,1.3619074821472168
2019-05-30,AJBU.SI,1.3362104892730713
2019-05-31,AJBU.SI,1.3362104892730713
2019-06-03,AJBU.SI,1.353341817855835
2019-06-04,AJBU.SI,1.3790383338928223
2019-06-06,AJBU.SI,1.4218653440475464
2019-06-07,AJBU.SI,1.3790383338928223
2019-06-10,AJBU.SI,1.3876041173934937
2019-06-11,AJBU.SI,1.4047341346740723
2019-06-12,AJBU.SI,1.4047341346740723
2019-06-13,AJBU.SI,1.413299798965454
2019-06-14,AJBU.SI,1.4047341346740723
2019-06-17,AJBU.SI,1.3876041173934937
2019-06-18,AJBU.SI,1.4047341346740723
2019-06-19,AJBU.SI,1.4047341346740723
2019-06-20,AJBU.SI,1.3876041173934937
2019-06-21,AJBU.SI,1.3876041173934937
2019-06-24,AJBU.SI,1.4047341346740723
2019-06-25,AJBU.SI,1.4047341346740723
2019-06-26,AJBU.SI,1.396168828010559
2019-06-27,AJBU.SI,1.4047341346740723
2019-06-28,AJBU.SI,1.4304312467575073
2019-07-01,AJBU.SI,1.4218653440475464
2019-07-02,AJBU.SI,1.4218653440475464
2019-07-03,AJBU.SI,1.43899667263031
2019-07-04,AJBU.SI,1.4561266899108887
2019-07-05,AJBU.SI,1.4818235635757446
2019-07-08,AJBU.SI,1.473258137702942
2019-07-09,AJBU.SI,1.4304312467575073
2019-07-10,AJBU.SI,1.4304312467575073
2019-07-11,AJBU.SI,1.43899667263031
2019-07-12,AJBU.SI,1.4304312467575073
2019-07-15,AJBU.SI,1.43899667263031
2019-07-16,AJBU.SI,1.4646925926208496
2019-07-17,AJBU.SI,1.4818235635757446
2019-07-18,AJBU.SI,1.4818235635757446
2019-07-19,AJBU.SI,1.4989548921585083
2019-07-22,AJBU.SI,1.4989548921585083
2019-07-23,AJBU.SI,1.4801243543624878
2019-07-24,AJBU.SI,1.4888818264007568
2019-07-25,AJBU.SI,1.4976402521133423
2019-07-26,AJBU.SI,1.4976402521133423
2019-07-29,AJBU.SI,1.4888818264007568
2019-07-30,AJBU.SI,1.5239148139953613
2019-07-31,AJBU.SI,1.4976402521133423
2019-08-01,AJBU.SI,1.4801243543624878
2019-08-02,AJBU.SI,1.4888818264007568
2019-08-05,AJBU.SI,1.4713661670684814
2019-08-06,AJBU.SI,1.4538496732711792
2019-08-07,AJBU.SI,1.4538496732711792
2019-08-08,AJBU.SI,1.4626082181930542
2019-08-13,AJBU.SI,1.4450913667678833
2019-08-14,AJBU.SI,1.4888818264007568
2019-08-15,AJBU.SI,1.4976402521133423
2019-08-16,AJBU.SI,1.4976402521133423
2019-08-19,AJBU.SI,1.558946967124939
2019-08-20,AJBU.SI,1.5414315462112427
2019-08-21,AJBU.SI,1.5414315462112427
2019-08-22,AJBU.SI,1.5414315462112427
2019-08-23,AJBU.SI,1.5239148139953613
2019-08-26,AJBU.SI,1.5239148139953613
2019-08-27,AJBU.SI,1.550189733505249
2019-08-28,AJBU.SI,1.567705512046814
2019-08-29,AJBU.SI,1.5764635801315308
2019-08-30,AJBU.SI,1.6027382612228394
2019-09-02,AJBU.SI,1.6202540397644043
2019-09-03,AJBU.SI,1.6027382612228394
2019-09-04,AJBU.SI,1.6027382612228394
2019-09-05,AJBU.SI,1.593980073928833
2019-09-06,AJBU.SI,1.558946967124939
2019-09-09,AJBU.SI,1.585221767425537
2019-09-10,AJBU.SI,1.593980073928833
2019-09-11,AJBU.SI,1.567705512046814
2019-09-12,AJBU.SI,1.5414315462112427
2019-09-13,AJBU.SI,1.5764635801315308
2019-09-16,AJBU.SI,1.5764635801315308
2019-09-17,AJBU.SI,1.6903190612792969
2019-09-18,AJBU.SI,1.7253520488739014
2019-09-19,AJBU.SI,1.8129328489303589
2019-09-20,AJBU.SI,1.8479657173156738
2019-09-23,AJBU.SI,1.7632085084915161
2019-09-24,AJBU.SI,1.745216727256775
2019-09-25,AJBU.SI,1.7272248268127441
2019-09-26,AJBU.SI,1.7362208366394043
2019-09-27,AJBU.SI,1.7092329263687134
2019-09-30,AJBU.SI,1.718228816986084
2019-10-01,AJBU.SI,1.7002370357513428
2019-10-02,AJBU.SI,1.7092329263687134
2019-10-03,AJBU.SI,1.718228816986084
2019-10-04,AJBU.SI,1.718228816986084
2019-10-07,AJBU.SI,1.7092329263687134
2019-10-08,AJBU.SI,1.7362208366394043
2019-10-09,AJBU.SI,1.7812004089355469
2019-10-10,AJBU.SI,1.7722045183181763
2019-10-11,AJBU.SI,1.7901965379714966
2019-10-14,AJBU.SI,1.8171844482421875
2019-10-15,AJBU.SI,1.7901965379714966
2019-10-16,AJBU.SI,1.7991925477981567
2019-10-17,AJBU.SI,1.7991925477981567
2019-10-18,AJBU.SI,1.8081884384155273
2019-10-21,AJBU.SI,1.7991925477981567
2019-10-22,AJBU.SI,1.7722045183181763
2019-10-23,AJBU.SI,1.7901965379714966
2019-10-24,AJBU.SI,1.7812004089355469
2019-10-25,AJBU.SI,1.7901965379714966
2019-10-29,AJBU.SI,1.7632085084915161
2019-10-30,AJBU.SI,1.7812004089355469
2019-10-31,AJBU.SI,1.7991925477981567
2019-11-01,AJBU.SI,1.8171844482421875
2019-11-04,AJBU.SI,1.7991925477981567
2019-11-05,AJBU.SI,1.8081884384155273
2019-11-06,AJBU.SI,1.7632085084915161
2019-11-07,AJBU.SI,1.7632085084915161
2019-11-08,AJBU.SI,1.7092329263687134
2019-11-11,AJBU.SI,1.6912410259246826
2019-11-12,AJBU.SI,1.718228816986084
2019-11-13,AJBU.SI,1.7362208366394043
2019-11-14,AJBU.SI,1.7812004089355469
2019-11-15,AJBU.SI,1.7901965379714966
2019-11-18,AJBU.SI,1.7812004089355469
2019-11-19,AJBU.SI,1.7812004089355469
2019-11-20,AJBU.SI,1.8171844482421875
2019-11-21,AJBU.SI,1.7991925477981567
2019-11-22,AJBU.SI,1.8081884384155273
2019-11-25,AJBU.SI,1.7901965379714966
2019-11-26,AJBU.SI,1.8351763486862183
2019-11-27,AJBU.SI,1.7991925477981567
2019-11-28,AJBU.SI,1.8171844482421875
2019-11-29,AJBU.SI,1.7991925477981567
2019-12-02,AJBU.SI,1.8171844482421875
2019-12-03,AJBU.SI,1.8171844482421875
2019-12-04,AJBU.SI,1.8261804580688477
2019-12-05,AJBU.SI,1.8081884384155273
2019-12-06,AJBU.SI,1.8171844482421875
2019-12-09,AJBU.SI,1.8261804580688477
2019-12-10,AJBU.SI,1.8261804580688477
2019-12-11,AJBU.SI,1.7991925477981567
2019-12-12,AJBU.SI,1.7722045183181763
2019-12-13,AJBU.SI,1.754212498664856
2019-12-16,AJBU.SI,1.8081884384155273
2019-12-17,AJBU.SI,1.7722045183181763
2019-12-18,AJBU.SI,1.7991925477981567
2019-12-19,AJBU.SI,1.8261804580688477
2019-12-20,AJBU.SI,1.8351763486862183
2019-12-23,AJBU.SI,1.8171844482421875
2019-12-24,AJBU.SI,1.8171844482421875
2019-12-25,AJBU.SI,1.8171844482421875
2019-12-26,AJBU.SI,1.8171844482421875
2019-12-27,AJBU.SI,1.8351763486862183
2019-12-30,AJBU.SI,1.8621641397476196
2019-12-31,AJBU.SI,1.8711601495742798
2020-01-02,AJBU.SI,1.8711601495742798
2020-01-03,AJBU.SI,1.8981481790542603
2020-01-06,AJBU.SI,1.9251363277435303
2020-01-07,AJBU.SI,1.9521238803863525
2020-01-08,AJBU.SI,1.9701156616210938
2020-01-09,AJBU.SI,1.9791115522384644
2020-01-10,AJBU.SI,1.9701156616210938
2020-01-13,AJBU.SI,1.9791115522384644
2020-01-14,AJBU.SI,2.042083740234375
2020-01-15,AJBU.SI,2.051079273223877
2020-01-16,AJBU.SI,2.051079273223877
2020-01-17,AJBU.SI,2.060075521469116
2020-01-20,AJBU.SI,2.0240914821624756
2020-01-21,AJBU.SI,2.0240914821624756
2020-01-22,AJBU.SI,1.9971035718917847
2020-01-23,AJBU.SI,2.0060997009277344
2020-01-24,AJBU.SI,2.0330872535705566
2020-01-28,AJBU.SI,1.9791115522384644
2020-01-29,AJBU.SI,2.014963388442993
2020-01-30,AJBU.SI,2.051269292831421
2020-01-31,AJBU.SI,2.051269292831421
2020-02-03,AJBU.SI,2.060345411300659
2020-02-04,AJBU.SI,2.078498125076294
2020-02-05,AJBU.SI,2.1329569816589355
2020-02-06,AJBU.SI,2.123880386352539
2020-02-07,AJBU.SI,2.105727434158325
2020-02-10,AJBU.SI,2.1511099338531494
2020-02-11,AJBU.SI,2.142033100128174
2020-02-12,AJBU.SI,2.205568313598633
2020-02-13,AJBU.SI,2.250950336456299
2020-02-14,AJBU.SI,2.2691030502319336
2020-02-17,AJBU.SI,2.260026454925537
2020-02-18,AJBU.SI,2.2691030502319336
2020-02-19,AJBU.SI,2.296332359313965
2020-02-20,AJBU.SI,2.2872557640075684
2020-02-21,AJBU.SI,2.2872557640075684
2020-02-24,AJBU.SI,2.2691030502319336
2020-02-25,AJBU.SI,2.278179407119751
2020-02-26,AJBU.SI,2.205568313598633
2020-02-27,AJBU.SI,2.142033100128174
2020-02-28,AJBU.SI,2.105727434158325
2020-03-02,AJBU.SI,2.105727434158325
2020-03-03,AJBU.SI,2.187415361404419
2020-03-04,AJBU.SI,2.260026454925537
2020-03-05,AJBU.SI,2.296332359313965
2020-03-06,AJBU.SI,2.260026454925537
2020-03-09,AJBU.SI,2.2237210273742676
2020-03-10,AJBU.SI,2.160186529159546
2020-03-11,AJBU.SI,2.123880386352539
2020-03-12,AJBU.SI,1.942352294921875
2020-03-13,AJBU.SI,1.9332759380340576
2020-03-16,AJBU.SI,1.7154419422149658
2020-03-17,AJBU.SI,1.6609834432601929
2020-03-18,AJBU.SI,1.6609834432601929
2020-03-19,AJBU.SI,1.597448468208313
2020-03-20,AJBU.SI,1.7335947751998901
2020-03-23,AJBU.SI,1.797129511833191
2020-03-24,AJBU.SI,1.8788172006607056
2020-03-25,AJBU.SI,2.014963388442993
2020-03-26,AJBU.SI,2.005887269973755
2020-03-27,AJBU.SI,1.9786581993103027
2020-03-30,AJBU.SI,2.0240397453308105
2020-03-31,AJBU.SI,2.078498125076294
2020-04-01,AJBU.SI,2.105727434158325
2020-04-02,AJBU.SI,2.0875747203826904
2020-04-03,AJBU.SI,2.105727434158325
2020-04-06,AJBU.SI,2.1329569816589355
2020-04-07,AJBU.SI,2.169262647628784
2020-04-08,AJBU.SI,2.205568313598633
2020-04-09,AJBU.SI,2.1329569816589355
2020-04-13,AJBU.SI,2.142033100128174
2020-04-14,AJBU.SI,2.1783387660980225
2020-04-15,AJBU.SI,2.160186529159546
2020-04-16,AJBU.SI,2.169262647628784
2020-04-17,AJBU.SI,2.1783387660980225
2020-04-20,AJBU.SI,2.2237210273742676
2020-04-21,AJBU.SI,2.2146449089050293
2020-04-22,AJBU.SI,2.2691030502319336
2020-04-23,AJBU.SI,2.2237210273742676
2020-04-24,AJBU.SI,2.1964917182922363
2020-04-27,AJBU.SI,2.2872557640075684
2020-04-28,AJBU.SI,2.205568313598633
2020-04-29,AJBU.SI,2.160186529159546
2020-04-30,AJBU.SI,2.1329569816589355
2020-05-04,AJBU.SI,2.0875747203826904
2020-05-05,AJBU.SI,2.123880386352539
2020-05-06,AJBU.SI,2.078498125076294
2020-05-08,AJBU.SI,2.1329569816589355
2020-05-11,AJBU.SI,2.1148040294647217
2020-05-12,AJBU.SI,2.105727434158325
2020-05-13,AJBU.SI,2.060345411300659
2020-05-14,AJBU.SI,2.051269292831421
2020-05-15,AJBU.SI,2.1329569816589355
2020-05-18,AJBU.SI,2.1511099338531494
2020-05-19,AJBU.SI,2.2237210273742676
2020-05-20,AJBU.SI,2.205568313598633
2020-05-21,AJBU.SI,2.169262647628784
2020-05-22,AJBU.SI,2.142033100128174
2020-05-26,AJBU.SI,2.2237210273742676
2020-05-27,AJBU.SI,2.2237210273742676
2020-05-28,AJBU.SI,2.2418737411499023
2020-05-29,AJBU.SI,2.3326377868652344
2020-06-01,AJBU.SI,2.3144850730895996
2020-06-02,AJBU.SI,2.232797622680664
2020-06-03,AJBU.SI,2.2237210273742676
2020-06-04,AJBU.SI,2.2418737411499023
2020-06-05,AJBU.SI,2.250950336456299
2020-06-08,AJBU.SI,2.2146449089050293
2020-06-09,AJBU.SI,2.1783387660980225
2020-06-10,AJBU.SI,2.1964917182922363
2020-06-11,AJBU.SI,2.2146449089050293
2020-06-12,AJBU.SI,2.2237210273742676
2020-06-15,AJBU.SI,2.2418737411499023
2020-06-16,AJBU.SI,2.232797622680664
2020-06-17,AJBU.SI,2.2237210273742676
2020-06-18,AJBU.SI,2.260026454925537
2020-06-19,AJBU.SI,2.2418737411499023
2020-06-22,AJBU.SI,2.278179407119751
2020-06-23,AJBU.SI,2.2872557640075684
2020-06-24,AJBU.SI,2.3054087162017822
2020-06-25,AJBU.SI,2.3144850730895996
2020-06-26,AJBU.SI,2.3326377868652344
2020-06-29,AJBU.SI,2.3144850730895996
2020-06-30,AJBU.SI,2.3054087162017822
2020-07-01,AJBU.SI,2.323561429977417
2020-07-02,AJBU.SI,2.296332359313965
2020-07-03,AJBU.SI,2.3144850730895996
2020-07-06,AJBU.SI,2.3054087162017822
2020-07-07,AJBU.SI,2.3507907390594482
2020-07-08,AJBU.SI,2.368943452835083
2020-07-09,AJBU.SI,2.3780198097229004
2020-07-13,AJBU.SI,2.4234023094177246
2020-07-14,AJBU.SI,2.3961730003356934
2020-07-15,AJBU.SI,2.3598670959472656
2020-07-16,AJBU.SI,2.323561429977417
2020-07-17,AJBU.SI,2.368943452835083
2020-07-20,AJBU.SI,2.414325714111328
2020-07-21,AJBU.SI,2.4960131645202637
2020-07-22,AJBU.SI,2.523242712020874
2020-07-23,AJBU.SI,2.595853567123413
2020-07-24,AJBU.SI,2.6684656143188477
2020-07-27,AJBU.SI,2.6230831146240234
2020-07-28,AJBU.SI,2.6449708938598633
2020-07-29,AJBU.SI,2.773993730545044
2020-07-30,AJBU.SI,2.7463464736938477
2020-08-03,AJBU.SI,2.7924256324768066
2020-08-04,AJBU.SI,2.7463464736938477
2020-08-05,AJBU.SI,2.820073366165161
2020-08-06,AJBU.SI,2.7924256324768066
2020-08-07,AJBU.SI,2.8016417026519775
2020-08-11,AJBU.SI,2.7094829082489014
2020-08-12,AJBU.SI,2.727914333343506
2020-08-13,AJBU.SI,2.718698263168335
2020-08-14,AJBU.SI,2.6910505294799805
2020-08-17,AJBU.SI,2.663402557373047
2020-08-18,AJBU.SI,2.6910505294799805
2020-08-19,AJBU.SI,2.7002665996551514
2020-08-20,AJBU.SI,2.6818349361419678
2020-08-21,AJBU.SI,2.727914333343506
2020-08-24,AJBU.SI,2.7463464736938477
2020-08-25,AJBU.SI,2.727914333343506
2020-08-26,AJBU.SI,2.7371301651000977
2020-08-27,AJBU.SI,2.672618865966797
2020-08-28,AJBU.SI,2.663402557373047
2020-08-31,AJBU.SI,2.6818349361419678
2020-09-01,AJBU.SI,2.6910505294799805
2020-09-02,AJBU.SI,2.718698263168335
2020-09-03,AJBU.SI,2.6910505294799805
2020-09-04,AJBU.SI,2.6818349361419678
2020-09-07,AJBU.SI,2.6910505294799805
2020-09-08,AJBU.SI,2.7002665996551514
2020-09-09,AJBU.SI,2.6910505294799805
2020-09-10,AJBU.SI,2.672618865966797
2020-09-11,AJBU.SI,2.654186725616455
2020-09-14,AJBU.SI,2.718698263168335
2020-09-15,AJBU.SI,2.7832095623016357
2020-09-16,AJBU.SI,2.7371301651000977
2020-09-17,AJBU.SI,2.8016417026519775
2020-09-18,AJBU.SI,2.7924256324768066
2020-09-21,AJBU.SI,2.727914333343506
2020-09-22,AJBU.SI,2.8016417026519775
2020-09-23,AJBU.SI,2.7647781372070312
2020-09-24,AJBU.SI,2.7647781372070312
2020-09-25,AJBU.SI,2.7002665996551514
2020-09-28,AJBU.SI,2.672618865966797
2020-09-29,AJBU.SI,2.7002665996551514
2020-09-30,AJBU.SI,2.6818349361419678
2020-10-01,AJBU.SI,2.672618865966797
2020-10-02,AJBU.SI,2.672618865966797
2020-10-05,AJBU.SI,2.672618865966797
2020-10-06,AJBU.SI,2.6910505294799805
2020-10-07,AJBU.SI,2.672618865966797
2020-10-08,AJBU.SI,2.6818349361419678
2020-10-09,AJBU.SI,2.6910505294799805
2020-10-12,AJBU.SI,2.7371301651000977
2020-10-13,AJBU.SI,2.773993730545044
2020-10-14,AJBU.SI,2.718698263168335
2020-10-15,AJBU.SI,2.7555620670318604
2020-10-16,AJBU.SI,2.8016417026519775
2020-10-19,AJBU.SI,2.8016417026519775
2020-10-20,AJBU.SI,2.7371301651000977
2020-10-21,AJBU.SI,2.7555620670318604
2020-10-22,AJBU.SI,2.7647781372070312
2020-10-23,AJBU.SI,2.7647781372070312
2020-10-26,AJBU.SI,2.718698263168335
2020-10-27,AJBU.SI,2.727914333343506
2020-10-28,AJBU.SI,2.718698263168335
2020-10-29,AJBU.SI,2.727914333343506
2020-10-30,AJBU.SI,2.672618865966797
2020-11-02,AJBU.SI,2.654186725616455
2020-11-03,AJBU.SI,2.672618865966797
2020-11-04,AJBU.SI,2.7094829082489014
2020-11-05,AJBU.SI,2.7371301651000977
2020-11-06,AJBU.SI,2.7094829082489014
2020-11-09,AJBU.SI,2.718698263168335
2020-11-10,AJBU.SI,2.543595790863037
2020-11-11,AJBU.SI,2.488300323486328
2020-11-12,AJBU.SI,2.5712432861328125
2020-11-13,AJBU.SI,2.5712432861328125
2020-11-16,AJBU.SI,2.6173229217529297
2020-11-17,AJBU.SI,2.5804593563079834
2020-11-18,AJBU.SI,2.598891019821167
2020-11-19,AJBU.SI,2.6173229217529297
2020-11-20,AJBU.SI,2.663402557373047
2020-11-23,AJBU.SI,2.654186725616455
2020-11-24,AJBU.SI,2.672618865966797
2020-11-25,AJBU.SI,2.6173229217529297
2020-11-26,AJBU.SI,2.6265392303466797
2020-11-27,AJBU.SI,2.6265392303466797
2020-11-30,AJBU.SI,2.5896754264831543
2020-12-01,AJBU.SI,2.5804593563079834
2020-12-02,AJBU.SI,2.552811622619629
2020-12-03,AJBU.SI,2.49751615524292
2020-12-04,AJBU.SI,2.5251638889312744
2020-12-07,AJBU.SI,2.534379720687866
2020-12-08,AJBU.SI,2.5251638889312744
2020-12-09,AJBU.SI,2.49751615524292
2020-12-10,AJBU.SI,2.506732225418091
2020-12-11,AJBU.SI,2.5251638889312744
2020-12-14,AJBU.SI,2.5159480571746826
2020-12-15,AJBU.SI,2.488300323486328
2020-12-16,AJBU.SI,2.534379720687866
2020-12-17,AJBU.SI,2.5159480571746826
2020-12-18,AJBU.SI,2.5712432861328125
2020-12-21,AJBU.SI,2.534379720687866
2020-12-22,AJBU.SI,2.552811622619629
2020-12-23,AJBU.SI,2.543595790863037
2020-12-24,AJBU.SI,2.552811622619629
2020-12-28,AJBU.SI,2.5620276927948
2020-12-29,AJBU.SI,2.5712432861328125
2020-12-30,AJBU.SI,2.5896754264831543
2020-12-31,AJBU.SI,2.5896754264831543
2021-01-04,AJBU.SI,2.5712432861328125
2021-01-05,AJBU.SI,2.5620276927948
2021-01-06,AJBU.SI,2.543595790863037
2021-01-07,AJBU.SI,2.5159480571746826
2021-01-08,AJBU.SI,2.5159480571746826
2021-01-11,AJBU.SI,2.5251638889312744
2021-01-12,AJBU.SI,2.543595790863037
2021-01-13,AJBU.SI,2.543595790863037
2021-01-14,AJBU.SI,2.5620276927948
2021-01-15,AJBU.SI,2.6265392303466797
2021-01-18,AJBU.SI,2.6357548236846924
2021-01-19,AJBU.SI,2.663402557373047
2021-01-20,AJBU.SI,2.6449708938598633
2021-01-21,AJBU.SI,2.6357548236846924
2021-01-22,AJBU.SI,2.6173229217529297
2021-01-25,AJBU.SI,2.6265392303466797
2021-01-26,AJBU.SI,2.663402557373047
2021-01-27,AJBU.SI,2.6818349361419678
2021-01-28,AJBU.SI,2.718698263168335
2021-01-29,AJBU.SI,2.7463464736938477
2021-02-01,AJBU.SI,2.7463464736938477
2021-02-02,AJBU.SI,2.791259288787842
2021-02-03,AJBU.SI,2.819359302520752
2021-02-04,AJBU.SI,2.809992551803589
2021-02-05,AJBU.SI,2.819359302520752
2021-02-08,AJBU.SI,2.83809232711792
2021-02-09,AJBU.SI,2.791259288787842
2021-02-10,AJBU.SI,2.7444260120391846
2021-02-11,AJBU.SI,2.7350594997406006
2021-02-15,AJBU.SI,2.7537927627563477
2021-02-16,AJBU.SI,2.7256929874420166
2021-02-17,AJBU.SI,2.6975927352905273
2021-02-18,AJBU.SI,2.7444260120391846
2021-02-19,AJBU.SI,2.6882259845733643
2021-02-22,AJBU.SI,2.65075945854187
2021-02-23,AJBU.SI,2.594559907913208
2021-02-24,AJBU.SI,2.566459894180298
2021-02-25,AJBU.SI,2.566459894180298
2021-02-26,AJBU.SI,2.5570931434631348
2021-03-01,AJBU.SI,2.538360118865967
2021-03-02,AJBU.SI,2.538360118865967
2021-03-03,AJBU.SI,2.538360118865967
2021-03-04,AJBU.SI,2.5289933681488037
2021-03-05,AJBU.SI,2.5008935928344727
2021-03-08,AJBU.SI,2.4446933269500732
2021-03-09,AJBU.SI,2.379127025604248
2021-03-10,AJBU.SI,2.388493537902832
2021-03-11,AJBU.SI,2.416593313217163
2021-03-12,AJBU.SI,2.397860050201416
2021-03-15,AJBU.SI,2.4446933269500732
2021-03-16,AJBU.SI,2.5008935928344727
2021-03-17,AJBU.SI,2.5570931434631348
2021-03-18,AJBU.SI,2.5570931434631348
2021-03-19,AJBU.SI,2.547726631164551
2021-03-22,AJBU.SI,2.5196266174316406
2021-03-23,AJBU.SI,2.538360118865967
2021-03-24,AJBU.SI,2.538360118865967
2021-03-25,AJBU.SI,2.5289933681488037
2021-03-26,AJBU.SI,2.538360118865967
2021-03-29,AJBU.SI,2.538360118865967
2021-03-30,AJBU.SI,2.566459894180298
2021-03-31,AJBU.SI,2.5289933681488037
2021-04-01,AJBU.SI,2.547726631164551
2021-04-05,AJBU.SI,2.547726631164551
2021-04-06,AJBU.SI,2.538360118865967
2021-04-07,AJBU.SI,2.547726631164551
2021-04-08,AJBU.SI,2.5289933681488037
2021-04-09,AJBU.SI,2.547726631164551
2021-04-12,AJBU.SI,2.5289933681488037
2021-04-13,AJBU.SI,2.538360118865967
2021-04-14,AJBU.SI,2.5196266174316406
2021-04-15,AJBU.SI,2.5196266174316406
2021-04-16,AJBU.SI,2.5196266174316406
2021-04-19,AJBU.SI,2.5289933681488037
2021-04-20,AJBU.SI,2.5196266174316406
2021-04-21,AJBU.SI,2.5196266174316406
2021-04-22,AJBU.SI,2.538360118865967
2021-04-23,AJBU.SI,2.547726631164551
2021-04-26,AJBU.SI,2.547726631164551
2021-04-27,AJBU.SI,2.5570931434631348
2021-04-28,AJBU.SI,2.5570931434631348
2021-04-29,AJBU.SI,2.538360118865967
2021-04-30,AJBU.SI,2.5196266174316406
2021-05-03,AJBU.SI,2.5008935928344727
2021-05-04,AJBU.SI,2.5196266174316406
2021-05-05,AJBU.SI,2.4915268421173096
2021-05-06,AJBU.SI,2.4540600776672363
2021-05-07,AJBU.SI,2.4540600776672363
2021-05-10,AJBU.SI,2.43532657623291
2021-05-11,AJBU.SI,2.407226800918579
2021-05-12,AJBU.SI,2.397860050201416
2021-05-14,AJBU.SI,2.416593313217163
2021-05-17,AJBU.SI,2.4446933269500732
2021-05-18,AJBU.SI,2.4915268421173096
2021-05-19,AJBU.SI,2.5102601051330566
2021-05-20,AJBU.SI,2.4821600914001465
2021-05-21,AJBU.SI,2.4821600914001465
2021-05-24,AJBU.SI,2.4540600776672363
2021-05-25,AJBU.SI,2.43532657623291
2021-05-27,AJBU.SI,2.407226800918579
2021-05-28,AJBU.SI,2.407226800918579
2021-05-31,AJBU.SI,2.416593313217163
2021-06-01,AJBU.SI,2.407226800918579
2021-06-02,AJBU.SI,2.407226800918579
2021-06-03,AJBU.SI,2.425959825515747
2021-06-04,AJBU.SI,2.425959825515747
2021-06-07,AJBU.SI,2.43532657623291
2021-06-08,AJBU.SI,2.416593313217163
2021-06-09,AJBU.SI,2.43532657623291
2021-06-10,AJBU.SI,2.416593313217163
2021-06-11,AJBU.SI,2.407226800918579
2021-06-14,AJBU.SI,2.407226800918579
2021-06-15,AJBU.SI,2.397860050201416
2021-06-16,AJBU.SI,2.379127025604248
2021-06-17,AJBU.SI,2.388493537902832
2021-06-18,AJBU.SI,2.388493537902832
2021-06-21,AJBU.SI,2.407226800918579
2021-06-22,AJBU.SI,2.388493537902832
2021-06-23,AJBU.SI,2.369760274887085
2021-06-24,AJBU.SI,2.369760274887085
2021-06-25,AJBU.SI,2.351027250289917
2021-06-28,AJBU.SI,2.360393762588501
2021-06-29,AJBU.SI,2.351027250289917
2021-06-30,AJBU.SI,2.332293748855591
2021-07-01,AJBU.SI,2.313560724258423
2021-07-02,AJBU.SI,2.2948272228240967
2021-07-05,AJBU.SI,2.341660499572754
2021-07-06,AJBU.SI,2.425959825515747
2021-07-07,AJBU.SI,2.416593313217163
2021-07-08,AJBU.SI,2.397860050201416
2021-07-09,AJBU.SI,2.416593313217163
2021-07-12,AJBU.SI,2.416593313217163
2021-07-13,AJBU.SI,2.4634268283843994
2021-07-14,AJBU.SI,2.4634268283843994
2021-07-15,AJBU.SI,2.4540600776672363
2021-07-16,AJBU.SI,2.4540600776672363
2021-07-19,AJBU.SI,2.43532657623291
2021-07-21,AJBU.SI,2.43532657623291
2021-07-22,AJBU.SI,2.416593313217163
2021-07-23,AJBU.SI,2.407226800918579
2021-07-26,AJBU.SI,2.397860050201416
2021-07-27,AJBU.SI,2.425959825515747
2021-07-28,AJBU.SI,2.4446933269500732
2021-07-29,AJBU.SI,2.4634268283843994
2021-07-30,AJBU.SI,2.4727935791015625
2021-08-02,AJBU.SI,2.48161244392395
2021-08-03,AJBU.SI,2.4720675945281982
2021-08-04,AJBU.SI,2.500701904296875
2021-08-05,AJBU.SI,2.491157054901123
2021-08-06,AJBU.SI,2.48161244392395
2021-08-10,AJBU.SI,2.48161244392395
2021-08-11,AJBU.SI,2.4529783725738525
2021-08-12,AJBU.SI,2.4529783725738525
2021-08-13,AJBU.SI,2.424344778060913
2021-08-16,AJBU.SI,2.4434337615966797
2021-08-17,AJBU.SI,2.424344778060913
2021-08-18,AJBU.SI,2.4529783725738525
2021-08-19,AJBU.SI,2.4474215507507324
2021-08-20,AJBU.SI,2.4474215507507324
2021-08-23,AJBU.SI,2.43782377243042
2021-08-24,AJBU.SI,2.43782377243042
2021-08-25,AJBU.SI,2.4474215507507324
2021-08-26,AJBU.SI,2.418628454208374
2021-08-27,AJBU.SI,2.4090306758880615
2021-08-30,AJBU.SI,2.418628454208374
2021-08-31,AJBU.SI,2.399432897567749
2021-09-01,AJBU.SI,2.4090306758880615
2021-09-02,AJBU.SI,2.4282259941101074
2021-09-03,AJBU.SI,2.4282259941101074
2021-09-06,AJBU.SI,2.43782377243042
2021-09-07,AJBU.SI,2.4474215507507324
2021-09-08,AJBU.SI,2.4474215507507324
2021-09-09,AJBU.SI,2.4282259941101074
2021-09-10,AJBU.SI,2.457019090652466
2021-09-13,AJBU.SI,2.43782377243042
2021-09-14,AJBU.SI,2.43782377243042
2021-09-15,AJBU.SI,2.418628454208374
2021-09-16,AJBU.SI,2.43782377243042
2021-09-17,AJBU.SI,2.43782377243042
2021-09-20,AJBU.SI,2.4090306758880615
2021-09-21,AJBU.SI,2.4090306758880615
2021-09-22,AJBU.SI,2.4090306758880615
2021-09-23,AJBU.SI,2.43782377243042
2021-09-24,AJBU.SI,2.4090306758880615
2021-09-27,AJBU.SI,2.418628454208374
2021-09-28,AJBU.SI,2.399432897567749
2021-09-29,AJBU.SI,2.3706398010253906
2021-09-30,AJBU.SI,2.380237340927124
2021-10-01,AJBU.SI,2.3514442443847656
2021-10-04,AJBU.SI,2.3226511478424072
2021-10-05,AJBU.SI,2.2842600345611572
2021-10-06,AJBU.SI,2.2938578128814697
2021-10-07,AJBU.SI,2.2938578128814697
2021-10-08,AJBU.SI,2.2938578128814697
2021-10-11,AJBU.SI,2.2458689212799072
2021-10-12,AJBU.SI,2.236271381378174
2021-10-13,AJBU.SI,2.2650644779205322
2021-10-14,AJBU.SI,2.2938578128814697
2021-10-15,AJBU.SI,2.3226511478424072
2021-10-18,AJBU.SI,2.2842600345611572
2021-10-19,AJBU.SI,2.2650644779205322
2021-10-20,AJBU.SI,2.2746622562408447
2021-10-21,AJBU.SI,2.2746622562408447
2021-10-22,AJBU.SI,2.2842600345611572
2021-10-25,AJBU.SI,2.3034555912017822
2021-10-26,AJBU.SI,2.2842600345611572
2021-10-27,AJBU.SI,2.3034555912017822
2021-10-28,AJBU.SI,2.2842600345611572
2021-10-29,AJBU.SI,2.2938578128814697
2021-11-01,AJBU.SI,2.2842600345611572
2021-11-02,AJBU.SI,2.2746622562408447
2021-11-03,AJBU.SI,2.2842600345611572
2021-11-05,AJBU.SI,2.2746622562408447
2021-11-08,AJBU.SI,2.2650644779205322
2021-11-09,AJBU.SI,2.2554666996002197
2021-11-10,AJBU.SI,2.2458689212799072
2021-11-11,AJBU.SI,2.2554666996002197
2021-11-12,AJBU.SI,2.236271381378174
2021-11-15,AJBU.SI,2.2554666996002197
2021-11-16,AJBU.SI,2.2650644779205322
2021-11-17,AJBU.SI,2.2554666996002197
2021-11-18,AJBU.SI,2.2458689212799072
2021-11-19,AJBU.SI,2.2458689212799072
2021-11-22,AJBU.SI,2.2458689212799072
2021-11-23,AJBU.SI,2.2458689212799072
2021-11-24,AJBU.SI,2.2650644779205322
2021-11-25,AJBU.SI,2.2842600345611572
2021-11-26,AJBU.SI,2.2746622562408447
2021-11-29,AJBU.SI,2.2746622562408447
2021-11-30,AJBU.SI,2.2554666996002197
2021-12-01,AJBU.SI,2.2842600345611572
2021-12-02,AJBU.SI,2.2938578128814697
2021-12-03,AJBU.SI,2.3130533695220947
2021-12-06,AJBU.SI,2.2746622562408447
2021-12-07,AJBU.SI,2.3034555912017822
2021-12-08,AJBU.SI,2.3034555912017822
2021-12-09,AJBU.SI,2.3226511478424072
2021-12-10,AJBU.SI,2.2938578128814697
2021-12-13,AJBU.SI,2.3130533695220947
2021-12-14,AJBU.SI,2.341846466064453
2021-12-15,AJBU.SI,2.341846466064453
2021-12-16,AJBU.SI,2.361042022705078
2021-12-17,AJBU.SI,2.361042022705078
2021-12-20,AJBU.SI,2.3130533695220947
2021-12-21,AJBU.SI,2.3322486877441406
2021-12-22,AJBU.SI,2.3322486877441406
2021-12-23,AJBU.SI,2.3034555912017822
2021-12-24,AJBU.SI,2.3130533695220947
2021-12-27,AJBU.SI,2.3130533695220947
2021-12-28,AJBU.SI,2.3322486877441406
2021-12-29,AJBU.SI,2.341846466064453
2021-12-30,AJBU.SI,2.3514442443847656
2021-12-31,AJBU.SI,2.3706398010253906
2022-01-03,AJBU.SI,2.3706398010253906
2022-01-04,AJBU.SI,2.3514442443847656
2022-01-05,AJBU.SI,2.3322486877441406
2022-01-06,AJBU.SI,2.2938578128814697
2022-01-07,AJBU.SI,2.2650644779205322
2022-01-10,AJBU.SI,2.2266736030578613
2022-01-11,AJBU.SI,2.2074782848358154
2022-01-12,AJBU.SI,2.2074782848358154
2022-01-13,AJBU.SI,2.2266736030578613
2022-01-14,AJBU.SI,2.197880506515503
2022-01-17,AJBU.SI,2.197880506515503
2022-01-18,AJBU.SI,2.1882827281951904
2022-01-19,AJBU.SI,2.1882827281951904
2022-01-20,AJBU.SI,2.178684949874878
2022-01-21,AJBU.SI,2.1690874099731445
2022-01-24,AJBU.SI,2.159489631652832
2022-01-25,AJBU.SI,2.101903200149536
2022-01-26,AJBU.SI,2.1306962966918945
2022-01-27,AJBU.SI,2.082707643508911
2022-01-28,AJBU.SI,2.0731101036071777
2022-01-31,AJBU.SI,2.0878026485443115
2022-02-03,AJBU.SI,2.0975587368011475
2022-02-04,AJBU.SI,2.1170709133148193
2022-02-07,AJBU.SI,2.0878026485443115
2022-02-08,AJBU.SI,2.136583089828491
2022-02-09,AJBU.SI,2.156095266342163
2022-02-10,AJBU.SI,2.165851354598999
2022-02-11,AJBU.SI,2.146339178085327
2022-02-14,AJBU.SI,2.1073148250579834
2022-02-15,AJBU.SI,2.136583089828491
2022-02-16,AJBU.SI,2.1170709133148193
2022-02-17,AJBU.SI,2.1170709133148193
2022-02-18,AJBU.SI,2.1073148250579834
2022-02-21,AJBU.SI,2.1170709133148193
2022-02-22,AJBU.SI,2.0878026485443115
2022-02-23,AJBU.SI,2.136583089828491
2022-02-24,AJBU.SI,2.1073148250579834
2022-02-25,AJBU.SI,2.1170709133148193
2022-02-28,AJBU.SI,2.136583089828491
2022-03-01,AJBU.SI,2.165851354598999
2022-03-02,AJBU.SI,2.165851354598999
2022-03-03,AJBU.SI,2.185363531112671
2022-03-04,AJBU.SI,2.185363531112671
2022-03-07,AJBU.SI,2.165851354598999
2022-03-08,AJBU.SI,2.136583089828491
2022-03-09,AJBU.SI,2.146339178085327
2022-03-10,AJBU.SI,2.175607442855835
2022-03-11,AJBU.SI,2.185363531112671
2022-03-14,AJBU.SI,2.146339178085327
2022-03-15,AJBU.SI,2.1268270015716553
2022-03-16,AJBU.SI,2.136583089828491
2022-03-17,AJBU.SI,2.185363531112671
2022-03-18,AJBU.SI,2.2048757076263428
2022-03-21,AJBU.SI,2.2243878841400146
2022-03-22,AJBU.SI,2.2146317958831787
2022-03-23,AJBU.SI,2.2146317958831787
2022-03-24,AJBU.SI,2.2048757076263428
2022-03-25,AJBU.SI,2.2048757076263428
2022-03-28,AJBU.SI,2.2048757076263428
2022-03-29,AJBU.SI,2.2243878841400146
2022-03-30,AJBU.SI,2.2146317958831787
2022-03-31,AJBU.SI,2.2243878841400146
2022-04-01,AJBU.SI,2.2146317958831787
2022-04-04,AJBU.SI,2.2439000606536865
2022-04-05,AJBU.SI,2.2439000606536865
2022-04-06,AJBU.SI,2.2146317958831787
2022-04-07,AJBU.SI,2.2048757076263428
2022-04-08,AJBU.SI,2.195119619369507
2022-04-11,AJBU.SI,2.165851354598999
2022-04-12,AJBU.SI,2.175607442855835
2022-04-13,AJBU.SI,2.146339178085327
2022-04-14,AJBU.SI,2.156095266342163
2022-04-18,AJBU.SI,2.175607442855835
2022-04-19,AJBU.SI,2.165851354598999
2022-04-20,AJBU.SI,2.039022207260132
2022-04-21,AJBU.SI,2.029266119003296
2022-04-22,AJBU.SI,2.029266119003296
2022-04-25,AJBU.SI,2.0487782955169678
2022-04-26,AJBU.SI,2.039022207260132
2022-04-27,AJBU.SI,2.01951003074646
2022-04-28,AJBU.SI,2.029266119003296
2022-04-29,AJBU.SI,2.01951003074646
2022-05-04,AJBU.SI,1.9804856777191162
2022-05-05,AJBU.SI,1.999997854232788
2022-05-06,AJBU.SI,1.9804856777191162
2022-05-09,AJBU.SI,1.9512174129486084
2022-05-10,AJBU.SI,1.9512174129486084
2022-05-11,AJBU.SI,1.9609735012054443
2022-05-12,AJBU.SI,1.8926810026168823
2022-05-13,AJBU.SI,1.9121930599212646
2022-05-17,AJBU.SI,1.8926810026168823
2022-05-18,AJBU.SI,1.8926810026168823
2022-05-19,AJBU.SI,1.8926810026168823
2022-05-20,AJBU.SI,1.8926810026168823
2022-05-23,AJBU.SI,1.9024369716644287
2022-05-24,AJBU.SI,1.9024369716644287
2022-05-25,AJBU.SI,1.9024369716644287
2022-05-26,AJBU.SI,1.9024369716644287
2022-05-27,AJBU.SI,1.9317052364349365
2022-05-30,AJBU.SI,1.9902417659759521
2022-05-31,AJBU.SI,2.009753942489624
2022-06-01,AJBU.SI,1.9902417659759521
2022-06-02,AJBU.SI,1.9414613246917725
2022-06-03,AJBU.SI,1.999997854232788
2022-06-06,AJBU.SI,1.9902417659759521
2022-06-07,AJBU.SI,1.9707295894622803
2022-06-08,AJBU.SI,1.9707295894622803
2022-06-09,AJBU.SI,1.999997854232788
2022-06-10,AJBU.SI,1.9707295894622803
2022-06-13,AJBU.SI,1.9024369716644287
2022-06-14,AJBU.SI,1.8829247951507568
2022-06-15,AJBU.SI,1.873168706893921
2022-06-16,AJBU.SI,1.853656530380249
2022-06-17,AJBU.SI,1.9024369716644287
2022-06-20,AJBU.SI,1.863412618637085
2022-06-21,AJBU.SI,1.8829247951507568
2022-06-22,AJBU.SI,1.8926810026168823
2022-06-23,AJBU.SI,1.9317052364349365
2022-06-24,AJBU.SI,1.9804856777191162
2022-06-27,AJBU.SI,1.9804856777191162
2022-06-28,AJBU.SI,1.9707295894622803
2022-06-29,AJBU.SI,1.9512174129486084
2022-06-30,AJBU.SI,1.9219491481781006
2022-07-01,AJBU.SI,1.9317052364349365
2022-07-04,AJBU.SI,1.9219491481781006
2022-07-05,AJBU.SI,1.9024369716644287
2022-07-06,AJBU.SI,1.9512174129486084
2022-07-07,AJBU.SI,1.9512174129486084
2022-07-08,AJBU.SI,1.9414613246917725
2022-07-12,AJBU.SI,1.9121930599212646
2022-07-13,AJBU.SI,1.9317052364349365
2022-07-14,AJBU.SI,1.9121930599212646
2022-07-15,AJBU.SI,1.9121930599212646
2022-07-18,AJBU.SI,1.9219491481781006
2022-07-19,AJBU.SI,1.9121930599212646
2022-07-20,AJBU.SI,1.9024369716644287
2022-07-21,AJBU.SI,1.9024369716644287
2022-07-22,AJBU.SI,1.9414613246917725
2022-07-25,AJBU.SI,1.9609735012054443
2022-07-26,AJBU.SI,1.9707295894622803
2022-07-27,AJBU.SI,1.9609735012054443
2022-07-28,AJBU.SI,1.9902417659759521
2022-07-29,AJBU.SI,2.01951003074646
2022-08-01,AJBU.SI,2.009999990463257
2022-08-02,AJBU.SI,1.9600000381469727
2022-08-03,AJBU.SI,1.940000057220459
2022-08-04,AJBU.SI,1.9900000095367432
2022-08-05,AJBU.SI,1.9700000286102295
2022-08-08,AJBU.SI,1.9900000095367432
2022-08-10,AJBU.SI,1.9900000095367432
2022-08-11,AJBU.SI,2.0299999713897705
2022-08-12,AJBU.SI,2.0199999809265137
2022-08-15,AJBU.SI,2.0399999618530273
2022-08-16,AJBU.SI,2.0299999713897705
2022-08-17,AJBU.SI,2.0299999713897705
2022-08-18,AJBU.SI,2.0399999618530273
2022-08-19,AJBU.SI,2.009999990463257
2022-08-22,AJBU.SI,1.9700000286102295
2022-08-23,AJBU.SI,1.9600000381469727
2022-08-24,AJBU.SI,1.9500000476837158
2022-08-25,AJBU.SI,1.9600000381469727
2022-08-26,AJBU.SI,1.9700000286102295
2022-08-29,AJBU.SI,1.9500000476837158
2022-08-30,AJBU.SI,1.9500000476837158
2022-08-31,AJBU.SI,1.940000057220459
2022-09-01,AJBU.SI,1.9299999475479126
2022-09-02,AJBU.SI,1.909999966621399
2022-09-05,AJBU.SI,1.8899999856948853
2022-09-06,AJBU.SI,1.899999976158142
2022-09-07,AJBU.SI,1.8899999856948853
2022-09-08,AJBU.SI,1.899999976158142
2022-09-09,AJBU.SI,1.909999966621399
2022-09-12,AJBU.SI,1.940000057220459
2022-09-13,AJBU.SI,1.9700000286102295
2022-09-14,AJBU.SI,1.9500000476837158
2022-09-15,AJBU.SI,1.9500000476837158
2022-09-16,AJBU.SI,1.9600000381469727
2022-09-19,AJBU.SI,1.940000057220459
2022-09-20,AJBU.SI,1.9299999475479126
2022-09-21,AJBU.SI,1.899999976158142
2022-09-22,AJBU.SI,1.899999976158142
2022-09-23,AJBU.SI,1.850000023841858
2022-09-26,AJBU.SI,1.7899999618530273
2022-09-27,AJBU.SI,1.7400000095367432
2022-09-28,AJBU.SI,1.7000000476837158
2022-09-29,AJBU.SI,1.6699999570846558
2022-09-30,AJBU.SI,1.7000000476837158
2022-10-03,AJBU.SI,1.6699999570846558
2022-10-04,AJBU.SI,1.7200000286102295
2022-10-05,AJBU.SI,1.7599999904632568
2022-10-06,AJBU.SI,1.7799999713897705
2022-10-07,AJBU.SI,1.6799999475479126
2022-10-10,AJBU.SI,1.6699999570846558
2022-10-11,AJBU.SI,1.7100000381469727
2022-10-12,AJBU.SI,1.7100000381469727
2022-10-13,AJBU.SI,1.7000000476837158
2022-10-14,AJBU.SI,1.7000000476837158
2022-10-17,AJBU.SI,1.7000000476837158
2022-10-18,AJBU.SI,1.7100000381469727
2022-10-19,AJBU.SI,1.6699999570846558
2022-10-20,AJBU.SI,1.659999966621399
2022-10-21,AJBU.SI,1.600000023841858
2022-10-25,AJBU.SI,1.659999966621399
2022-10-26,AJBU.SI,1.7400000095367432
2022-10-27,AJBU.SI,1.7799999713897705
2022-10-28,AJBU.SI,1.809999942779541
2022-10-31,AJBU.SI,1.7599999904632568
2022-11-01,AJBU.SI,1.7300000190734863
2022-11-02,AJBU.SI,1.7699999809265137
2022-11-03,AJBU.SI,1.7200000286102295
2022-11-04,AJBU.SI,1.7599999904632568
2022-11-07,AJBU.SI,1.7100000381469727
2022-11-08,AJBU.SI,1.7000000476837158
2022-11-09,AJBU.SI,1.7599999904632568
2022-11-10,AJBU.SI,1.7899999618530273
2022-11-11,AJBU.SI,1.8300000429153442
2022-11-14,AJBU.SI,1.840000033378601
2022-11-15,AJBU.SI,1.8300000429153442
2022-11-16,AJBU.SI,1.8600000143051147
2022-11-17,AJBU.SI,1.8700000047683716
2022-11-18,AJBU.SI,1.850000023841858
2022-11-21,AJBU.SI,1.8300000429153442
2022-11-22,AJBU.SI,1.850000023841858
2022-11-23,AJBU.SI,1.7999999523162842
